id,hour,hour_bef_temperature,hour_bef_precipitation,hour_bef_windspeed,hour_bef_humidity,hour_bef_visibility,hour_bef_ozone,hour_bef_pm10,hour_bef_pm2.5,count
3,20,16.3,1.0,1.5,89.0,576.0,0.027000000000000003,76.0,33.0,49.0
6,13,20.1,0.0,1.4,48.0,916.0,0.042,73.0,40.0,159.0
7,6,13.9,0.0,0.7,79.0,1382.0,0.033,32.0,19.0,26.0
8,23,8.1,0.0,2.7,54.0,946.0,0.04,75.0,64.0,57.0
9,18,29.5,0.0,4.8,7.0,2000.0,0.057,27.0,11.0,431.0
13,2,13.6,0.0,1.7,80.0,1073.0,0.027000000000000003,34.0,15.0,39.0
14,3,10.6,0.0,1.5,58.0,1548.0,0.038,62.0,33.0,23.0
16,21,16.0,0.0,6.0,21.0,1961.0,0.05,90.0,28.0,146.0
19,9,13.8,0.0,1.9,64.0,1344.0,0.039,93.0,19.0,39.0
20,14,17.2,0.0,2.1,32.0,1571.0,0.025,64.0,19.0,83.0
21,4,5.7,0.0,0.6,77.0,1960.0,0.028,14.0,18.0,6.0
22,10,15.4,0.0,2.7,62.0,1362.0,0.039,99.0,21.0,42.0
24,9,14.1,0.0,3.2,59.0,1808.0,0.028,52.0,18.0,59.0
27,10,9.2,0.0,1.9,55.0,462.0,0.023,91.0,84.0,60.0
28,1,20.0,0.0,1.8,58.0,2000.0,,,,74.0
29,13,14.0,1.0,2.8,42.0,1518.0,0.03,49.0,37.0,5.0
30,21,18.8,0.0,2.2,34.0,2000.0,0.04,32.0,14.0,217.0
32,17,11.5,1.0,3.0,91.0,555.0,0.036000000000000004,29.0,21.0,64.0
33,13,22.6,0.0,,41.0,987.0,0.046,64.0,39.0,208.0
34,18,18.0,1.0,1.9,82.0,685.0,0.044,99.0,42.0,15.0
35,10,15.4,0.0,3.1,19.0,1225.0,0.032,199.0,18.0,58.0
36,8,12.6,0.0,5.3,53.0,1576.0,0.014,52.0,40.0,209.0
37,16,19.4,0.0,5.9,21.0,2000.0,0.052000000000000005,52.0,14.0,122.0
38,23,15.4,0.0,1.4,87.0,423.0,0.019,85.0,35.0,87.0
44,3,17.2,0.0,1.6,59.0,1277.0,0.052000000000000005,49.0,32.0,30.0
45,0,11.7,0.0,3.5,80.0,895.0,0.044,58.0,31.0,34.0
46,2,13.0,0.0,0.5,48.0,1992.0,0.043,73.0,26.0,29.0
47,7,10.9,0.0,0.8,77.0,1092.0,0.035,79.0,17.0,18.0
48,15,18.0,0.0,3.3,20.0,2000.0,0.045,54.0,21.0,106.0
49,2,8.9,0.0,0.9,52.0,839.0,0.011,80.0,71.0,10.0
50,10,16.8,0.0,1.8,62.0,955.0,0.016,55.0,23.0,81.0
53,14,20.8,0.0,4.6,18.0,2000.0,0.071,38.0,22.0,258.0
55,19,11.4,0.0,2.2,87.0,800.0,0.04,39.0,27.0,150.0
56,21,10.2,0.0,0.5,84.0,1668.0,0.021,24.0,,127.0
57,22,23.4,0.0,2.6,37.0,2000.0,0.015,26.0,16.0,214.0
58,11,21.2,0.0,2.3,45.0,1929.0,0.034,30.0,19.0,115.0
64,13,19.8,0.0,1.8,29.0,1943.0,0.041,62.0,26.0,155.0
67,15,19.7,0.0,4.5,31.0,1795.0,0.065,64.0,39.0,138.0
69,22,20.8,0.0,1.8,48.0,1781.0,0.028,55.0,31.0,221.0
70,5,15.3,0.0,1.8,52.0,1363.0,0.04,65.0,39.0,16.0
72,19,18.9,0.0,2.8,59.0,1806.0,0.042,49.0,26.0,218.0
73,22,14.9,0.0,2.5,66.0,1975.0,0.039,45.0,19.0,201.0
74,13,20.2,0.0,2.9,23.0,1304.0,0.065,43.0,18.0,110.0
75,3,15.1,0.0,0.8,74.0,1935.0,0.034,32.0,20.0,30.0
76,17,21.7,0.0,3.0,35.0,2000.0,,32.0,19.0,213.0
77,17,25.1,0.0,4.5,33.0,2000.0,0.06,32.0,21.0,268.0
78,1,12.2,0.0,3.0,49.0,1071.0,,,,36.0
79,14,19.4,0.0,5.7,40.0,1971.0,0.05,61.0,16.0,268.0
81,17,14.6,1.0,2.7,84.0,1645.0,0.044,21.0,14.0,93.0
83,6,11.0,0.0,1.3,25.0,1056.0,0.041,213.0,21.0,12.0
84,20,15.6,0.0,3.2,30.0,1211.0,0.06,69.0,58.0,130.0
85,10,16.6,0.0,3.1,53.0,1945.0,0.027000000000000003,76.0,14.0,89.0
86,21,14.7,0.0,2.9,46.0,1754.0,0.051,88.0,19.0,88.0
87,2,11.4,0.0,2.1,40.0,1766.0,0.033,103.0,24.0,23.0
88,21,20.1,0.0,1.2,42.0,1716.0,0.049,70.0,31.0,187.0
89,11,23.4,0.0,2.3,34.0,1911.0,0.042,44.0,25.0,95.0
90,7,8.9,0.0,0.2,75.0,642.0,0.033,66.0,36.0,19.0
91,10,12.1,0.0,1.5,47.0,1842.0,0.009000000000000001,90.0,25.0,60.0
92,13,13.5,0.0,3.2,32.0,1758.0,0.042,41.0,37.0,172.0
93,5,15.0,1.0,1.2,88.0,203.0,0.026,35.0,24.0,3.0
95,2,18.6,0.0,1.0,75.0,274.0,0.018000000000000002,115.0,73.0,36.0
96,21,18.8,0.0,3.9,64.0,687.0,0.07,87.0,52.0,190.0
97,21,18.6,0.0,2.3,35.0,987.0,0.031,178.0,37.0,139.0
99,16,22.3,0.0,2.0,20.0,2000.0,0.055,33.0,19.0,264.0
100,5,12.5,0.0,2.0,43.0,2000.0,0.04,17.0,9.0,23.0
103,13,25.3,0.0,2.4,31.0,1893.0,0.034,59.0,32.0,137.0
104,12,18.6,0.0,3.2,56.0,1276.0,0.05,51.0,24.0,120.0
105,15,21.1,0.0,6.0,19.0,1957.0,0.07200000000000001,35.0,17.0,348.0
106,6,12.7,0.0,3.9,41.0,2000.0,0.039,13.0,9.0,38.0
108,3,17.0,0.0,0.5,47.0,1218.0,0.039,71.0,39.0,21.0
109,13,24.7,0.0,2.2,48.0,1926.0,0.036000000000000004,26.0,18.0,121.0
110,3,18.1,0.0,1.5,64.0,2000.0,0.013,31.0,22.0,15.0
111,2,6.4,0.0,0.9,58.0,1039.0,0.031,72.0,56.0,3.0
114,10,20.4,0.0,1.7,39.0,1631.0,0.023,39.0,22.0,101.0
117,2,15.1,0.0,0.6,47.0,2000.0,0.006,38.0,24.0,41.0
118,22,16.2,0.0,3.5,29.0,2000.0,0.044,46.0,14.0,117.0
119,5,11.0,0.0,1.6,84.0,469.0,0.049,61.0,33.0,12.0
123,23,15.4,0.0,2.8,71.0,1926.0,0.024,33.0,16.0,124.0
124,11,15.0,0.0,1.4,50.0,1517.0,0.03,48.0,24.0,86.0
125,9,15.1,0.0,2.2,71.0,791.0,0.016,53.0,24.0,104.0
126,0,15.5,0.0,0.9,30.0,2000.0,0.004,51.0,32.0,76.0
127,21,22.1,0.0,2.6,56.0,2000.0,0.028,30.0,21.0,222.0
128,15,29.1,0.0,3.9,20.0,1950.0,0.069,50.0,30.0,106.0
129,7,13.2,0.0,0.9,55.0,2000.0,0.041,34.0,17.0,100.0
130,1,9.4,0.0,2.5,65.0,1907.0,,,,39.0
131,14,20.1,0.0,4.9,52.0,1331.0,0.063,53.0,28.0,130.0
133,7,17.7,0.0,0.6,66.0,1996.0,0.006,34.0,28.0,106.0
134,2,10.7,0.0,2.4,72.0,990.0,0.042,52.0,25.0,30.0
135,22,19.9,0.0,2.8,44.0,2000.0,0.039,29.0,22.0,196.0
136,20,20.7,0.0,4.1,31.0,2000.0,0.043,40.0,13.0,191.0
137,7,6.4,0.0,0.7,83.0,1147.0,0.018000000000000002,55.0,21.0,82.0
138,14,22.0,0.0,5.5,57.0,1105.0,0.054000000000000006,44.0,24.0,41.0
139,5,8.2,0.0,0.4,71.0,1758.0,0.034,46.0,19.0,10.0
140,10,16.8,0.0,2.1,63.0,1086.0,0.026,36.0,18.0,99.0
141,23,17.8,0.0,2.2,52.0,2000.0,0.023,32.0,19.0,183.0
142,19,25.0,0.0,3.7,24.0,2000.0,0.054000000000000006,41.0,23.0,252.0
144,22,14.3,0.0,1.7,72.0,820.0,0.006,60.0,45.0,108.0
145,11,23.3,0.0,1.2,32.0,1001.0,0.027000000000000003,63.0,33.0,104.0
146,19,17.8,0.0,3.6,53.0,746.0,0.04,83.0,47.0,204.0
148,12,18.6,0.0,1.4,57.0,788.0,0.042,74.0,43.0,116.0
149,16,15.8,0.0,5.3,17.0,1923.0,0.047,,,102.0
154,3,11.7,0.0,3.9,98.0,150.0,0.041,20.0,20.0,3.0
157,20,11.4,0.0,2.5,85.0,716.0,0.033,38.0,26.0,102.0
158,11,21.5,0.0,1.9,37.0,1284.0,0.053,90.0,37.0,112.0
160,8,19.4,0.0,2.7,71.0,627.0,0.053,68.0,39.0,191.0
162,4,8.0,0.0,1.5,53.0,861.0,0.005,82.0,77.0,8.0
164,3,8.5,0.0,1.1,54.0,848.0,0.006999999999999999,81.0,73.0,8.0
165,18,25.4,0.0,3.4,33.0,2000.0,0.06,40.0,21.0,369.0
166,9,10.1,0.0,0.4,60.0,1421.0,0.013,52.0,24.0,107.0
167,16,29.6,0.0,3.6,14.0,2000.0,0.061,49.0,28.0,164.0
168,19,20.0,0.0,3.8,72.0,1406.0,0.022,37.0,22.0,5.0
169,10,11.7,0.0,1.0,34.0,914.0,0.009000000000000001,90.0,70.0,65.0
170,20,16.9,0.0,3.4,63.0,1966.0,0.041,46.0,22.0,185.0
171,12,18.3,0.0,5.3,37.0,1992.0,0.045,48.0,11.0,125.0
172,16,23.4,0.0,3.6,39.0,1670.0,0.07400000000000001,59.0,40.0,291.0
173,17,21.8,0.0,4.0,23.0,1999.0,0.055,35.0,20.0,250.0
174,10,9.5,0.0,2.7,99.0,182.0,0.023,24.0,23.0,37.0
175,15,28.4,0.0,5.1,43.0,990.0,0.099,77.0,49.0,97.0
176,20,22.7,0.0,3.1,41.0,732.0,0.1,102.0,60.0,249.0
178,18,13.3,0.0,4.3,73.0,1518.0,0.044,45.0,22.0,145.0
179,3,13.2,0.0,2.5,25.0,950.0,0.041,269.0,21.0,16.0
180,21,12.9,0.0,3.4,48.0,2000.0,0.042,45.0,23.0,132.0
181,16,26.2,0.0,4.3,31.0,1718.0,,47.0,23.0,136.0
182,21,15.5,0.0,3.2,64.0,1994.0,0.039,40.0,19.0,194.0
183,0,18.5,0.0,0.9,46.0,1848.0,0.008,69.0,44.0,69.0
184,2,18.0,0.0,2.1,66.0,1659.0,0.023,40.0,29.0,20.0
185,17,27.2,0.0,4.4,45.0,1621.0,0.08199999999999999,55.0,32.0,304.0
187,14,28.4,0.0,3.4,44.0,819.0,0.08199999999999999,78.0,52.0,97.0
189,7,10.7,0.0,1.3,93.0,177.0,0.015,71.0,58.0,6.0
193,19,27.0,0.0,3.6,39.0,2000.0,0.047,,,319.0
194,3,10.7,1.0,3.3,56.0,1392.0,0.032,103.0,23.0,12.0
196,9,18.7,0.0,1.3,43.0,1108.0,0.01,71.0,40.0,97.0
197,20,10.4,0.0,1.7,84.0,1337.0,0.018000000000000002,27.0,27.0,86.0
198,22,8.4,0.0,3.5,60.0,2000.0,0.03,47.0,36.0,58.0
199,4,17.8,0.0,1.8,91.0,328.0,0.013,25.0,22.0,9.0
201,17,20.8,0.0,3.2,22.0,1135.0,0.068,74.0,57.0,118.0
202,9,14.7,0.0,2.0,68.0,589.0,0.01,65.0,44.0,60.0
203,13,19.3,0.0,3.2,52.0,929.0,0.011,126.0,37.0,148.0
204,2,17.8,0.0,1.5,47.0,2000.0,0.028,34.0,22.0,50.0
205,15,22.2,0.0,4.9,56.0,1501.0,0.058,46.0,24.0,11.0
206,10,18.2,0.0,2.4,60.0,527.0,,,,66.0
207,18,15.2,0.0,7.4,84.0,453.0,0.062,62.0,28.0,115.0
208,1,18.8,0.0,1.1,61.0,2000.0,,,,62.0
212,23,12.2,0.0,2.3,72.0,869.0,0.034,72.0,34.0,80.0
213,21,10.5,0.0,2.6,17.0,2000.0,0.038,58.0,15.0,122.0
216,20,23.6,0.0,4.0,60.0,1082.0,0.078,61.0,37.0,247.0
217,9,17.6,0.0,0.9,47.0,1892.0,0.013,36.0,22.0,121.0
220,1,18.4,0.0,3.1,31.0,2000.0,,,,63.0
221,11,22.2,0.0,2.2,38.0,676.0,0.04,106.0,52.0,85.0
223,0,18.6,0.0,0.3,58.0,554.0,0.053,110.0,63.0,104.0
224,23,12.7,0.0,2.1,60.0,737.0,0.061,88.0,60.0,75.0
226,3,16.8,0.0,1.6,40.0,1994.0,0.046,48.0,25.0,30.0
227,18,25.3,0.0,4.7,31.0,2000.0,0.061,30.0,17.0,293.0
229,13,26.4,0.0,4.1,27.0,1943.0,0.061,44.0,23.0,92.0
230,0,11.4,1.0,2.8,84.0,350.0,0.012,69.0,59.0,17.0
231,15,19.7,0.0,4.6,16.0,1986.0,0.047,31.0,12.0,104.0
232,7,11.4,0.0,1.6,82.0,460.0,0.039,74.0,44.0,12.0
233,12,25.7,0.0,1.6,44.0,1144.0,0.02,49.0,30.0,119.0
234,1,15.3,0.0,1.4,77.0,1542.0,,,,41.0
235,11,17.4,0.0,2.7,46.0,876.0,0.019,76.0,35.0,111.0
237,20,23.2,0.0,4.7,38.0,2000.0,0.043,41.0,29.0,278.0
238,5,7.5,0.0,0.9,68.0,2000.0,0.029,61.0,16.0,10.0
239,18,19.4,0.0,4.5,37.0,1789.0,0.058,54.0,31.0,305.0
240,13,22.6,0.0,4.2,55.0,1486.0,0.046,32.0,23.0,115.0
244,9,12.4,0.0,1.6,77.0,550.0,0.029,73.0,41.0,74.0
246,4,16.9,0.0,2.0,71.0,1636.0,0.037000000000000005,29.0,22.0,8.0
248,4,10.4,0.0,0.2,83.0,1235.0,0.027000000000000003,35.0,24.0,13.0
249,0,16.6,0.0,2.3,47.0,1048.0,0.07400000000000001,76.0,41.0,89.0
250,2,12.3,0.0,1.2,54.0,1814.0,0.036000000000000004,78.0,20.0,24.0
255,16,11.6,1.0,4.3,92.0,320.0,0.041,,,36.0
256,2,11.4,0.0,1.6,83.0,610.0,0.048,57.0,32.0,37.0
257,20,14.2,0.0,2.5,76.0,1736.0,0.043,29.0,24.0,138.0
259,17,18.6,0.0,5.8,22.0,1935.0,0.062,62.0,16.0,148.0
262,14,18.8,0.0,3.8,23.0,2000.0,0.047,40.0,14.0,113.0
263,6,13.0,0.0,1.2,80.0,611.0,0.02,56.0,41.0,15.0
264,5,9.9,0.0,0.5,85.0,1082.0,0.018000000000000002,34.0,26.0,12.0
268,1,8.8,0.0,3.6,62.0,1997.0,,,,45.0
271,5,9.5,0.0,0.5,49.0,2000.0,0.027000000000000003,26.0,19.0,11.0
272,7,15.8,0.0,2.0,73.0,776.0,0.036000000000000004,30.0,23.0,109.0
273,6,11.1,0.0,2.0,92.0,202.0,0.011,76.0,63.0,14.0
274,10,13.4,0.0,2.8,35.0,2000.0,0.024,30.0,20.0,92.0
276,22,17.2,0.0,2.1,23.0,2000.0,0.011,37.0,24.0,173.0
277,13,18.2,0.0,2.7,39.0,1678.0,0.039,55.0,21.0,138.0
280,11,19.6,0.0,2.9,50.0,602.0,0.061,193.0,54.0,66.0
281,4,10.1,0.0,1.6,73.0,937.0,0.04,50.0,22.0,12.0
282,13,21.4,0.0,1.8,54.0,737.0,0.032,77.0,28.0,114.0
283,7,7.0,0.0,1.0,57.0,835.0,0.004,79.0,69.0,71.0
284,16,18.2,0.0,2.7,30.0,1932.0,0.051,56.0,15.0,129.0
285,12,25.3,0.0,2.6,39.0,1809.0,0.048,33.0,24.0,168.0
290,7,16.2,0.0,1.7,51.0,1583.0,0.004,65.0,46.0,87.0
291,3,7.9,0.0,1.7,73.0,1827.0,0.034,52.0,21.0,14.0
292,12,23.5,0.0,2.0,55.0,1788.0,0.027000000000000003,26.0,18.0,138.0
295,8,9.2,0.0,0.8,90.0,347.0,0.022,39.0,,160.0
296,5,13.2,0.0,1.0,81.0,722.0,0.019,51.0,24.0,13.0
298,4,18.5,0.0,0.2,55.0,2000.0,0.014,30.0,21.0,17.0
299,20,16.4,0.0,4.2,33.0,2000.0,0.052000000000000005,53.0,24.0,155.0
300,6,11.5,0.0,0.5,43.0,869.0,0.012,72.0,64.0,21.0
301,23,19.3,0.0,3.7,52.0,812.0,0.058,108.0,64.0,143.0
305,4,13.1,0.0,0.4,73.0,1480.0,0.005,33.0,19.0,13.0
306,9,21.3,0.0,1.2,45.0,1993.0,0.008,31.0,19.0,129.0
308,21,15.0,0.0,2.7,30.0,2000.0,0.056,33.0,21.0,109.0
310,10,19.4,0.0,3.6,37.0,1462.0,0.04,81.0,38.0,83.0
313,20,10.2,0.0,2.3,47.0,2000.0,0.047,41.0,29.0,61.0
316,14,23.4,0.0,2.6,43.0,844.0,0.047,71.0,46.0,229.0
317,6,9.9,0.0,0.3,77.0,774.0,0.026,63.0,31.0,13.0
318,20,19.7,0.0,4.3,60.0,1991.0,0.042,35.0,24.0,244.0
320,5,14.7,0.0,0.2,48.0,2000.0,0.023,28.0,20.0,19.0
321,17,23.0,0.0,2.5,40.0,921.0,0.034,43.0,35.0,159.0
324,23,15.4,0.0,2.2,33.0,2000.0,0.034,49.0,19.0,85.0
326,2,12.7,0.0,2.5,45.0,2000.0,0.037000000000000005,32.0,25.0,21.0
328,4,18.0,0.0,1.3,75.0,259.0,0.006999999999999999,110.0,68.0,15.0
329,8,15.0,0.0,1.1,50.0,1465.0,0.006,54.0,29.0,46.0
331,21,19.4,0.0,3.4,40.0,2000.0,0.04,33.0,17.0,199.0
334,16,27.5,0.0,5.0,24.0,1916.0,0.067,45.0,27.0,148.0
335,6,6.6,0.0,0.4,83.0,1109.0,0.024,54.0,20.0,22.0
336,20,15.4,0.0,5.3,46.0,1536.0,0.058,99.0,23.0,81.0
337,14,17.8,0.0,2.7,56.0,524.0,0.025,72.0,59.0,203.0
339,11,16.4,0.0,4.1,26.0,1923.0,0.034,40.0,16.0,101.0
340,22,22.8,0.0,2.5,67.0,1899.0,0.018000000000000002,33.0,25.0,221.0
342,8,10.3,0.0,4.3,43.0,2000.0,0.032,34.0,26.0,195.0
343,4,9.9,0.0,2.6,49.0,2000.0,0.04,32.0,16.0,14.0
344,2,19.8,0.0,2.2,58.0,1632.0,0.025,63.0,30.0,52.0
346,1,12.4,1.0,2.4,99.0,232.0,,,,6.0
347,23,16.6,0.0,0.4,26.0,2000.0,0.004,60.0,32.0,105.0
351,10,14.4,0.0,3.1,32.0,1767.0,0.029,42.0,22.0,79.0
353,12,24.7,0.0,2.7,31.0,2000.0,0.05,26.0,17.0,142.0
354,23,19.8,0.0,2.2,57.0,2000.0,0.004,32.0,21.0,153.0
357,6,9.2,0.0,2.2,77.0,848.0,0.03,46.0,25.0,43.0
359,15,27.0,0.0,3.9,43.0,1090.0,0.043,54.0,32.0,133.0
360,4,15.9,0.0,1.7,59.0,669.0,0.02,103.0,62.0,20.0
361,23,16.8,0.0,2.2,45.0,2000.0,0.03,31.0,17.0,123.0
362,5,18.6,0.0,2.3,61.0,1527.0,0.025,56.0,30.0,28.0
364,23,11.8,0.0,2.6,78.0,916.0,0.041,58.0,32.0,79.0
365,14,23.1,0.0,3.6,44.0,620.0,0.08,237.0,62.0,91.0
366,17,22.3,0.0,2.7,42.0,819.0,0.073,200.0,,151.0
367,16,19.2,0.0,3.5,54.0,2000.0,0.044,32.0,16.0,137.0
368,1,9.9,0.0,1.3,85.0,522.0,,,,35.0
370,9,8.8,0.0,1.8,44.0,833.0,0.005,86.0,69.0,88.0
373,16,23.5,0.0,4.1,20.0,1947.0,0.067,48.0,25.0,332.0
374,23,21.3,0.0,2.3,68.0,900.0,0.056,65.0,38.0,140.0
376,10,17.2,0.0,0.8,56.0,648.0,0.018000000000000002,67.0,48.0,75.0
377,12,18.0,0.0,5.0,18.0,1268.0,0.037000000000000005,163.0,16.0,77.0
378,6,8.7,0.0,0.7,85.0,490.0,0.006,76.0,36.0,13.0
379,13,24.0,0.0,3.5,49.0,1986.0,0.051,42.0,29.0,119.0
381,1,14.1,0.0,,55.0,1992.0,,,,38.0
382,16,21.1,0.0,5.6,21.0,1939.0,0.075,37.0,21.0,382.0
383,15,19.2,0.0,5.4,23.0,2000.0,0.049,42.0,13.0,121.0
384,3,13.5,0.0,0.2,72.0,839.0,0.036000000000000004,60.0,40.0,27.0
385,11,14.9,0.0,2.5,33.0,1928.0,0.023,38.0,20.0,85.0
386,3,13.8,0.0,1.0,81.0,849.0,0.032,48.0,19.0,18.0
387,23,12.1,0.0,1.0,76.0,1995.0,0.036000000000000004,25.0,23.0,78.0
389,4,16.1,0.0,0.6,45.0,1968.0,0.036000000000000004,47.0,26.0,13.0
390,12,23.7,0.0,2.6,36.0,1534.0,0.045,53.0,30.0,125.0
395,22,15.6,0.0,0.3,86.0,507.0,0.02,68.0,30.0,102.0
397,9,11.2,0.0,0.8,67.0,660.0,0.009000000000000001,75.0,38.0,70.0
398,6,17.3,0.0,1.2,90.0,533.0,0.021,26.0,20.0,37.0
399,20,19.9,0.0,1.5,13.0,2000.0,0.045,18.0,14.0,168.0
400,14,27.2,0.0,2.0,36.0,1299.0,0.041,51.0,31.0,118.0
402,13,15.8,0.0,2.5,61.0,455.0,0.02,75.0,66.0,141.0
403,0,19.5,0.0,2.4,55.0,2000.0,0.003,34.0,22.0,98.0
404,3,14.0,0.0,,50.0,2000.0,0.049,35.0,22.0,17.0
405,7,17.0,0.0,1.4,89.0,536.0,0.021,29.0,22.0,103.0
406,2,15.6,0.0,0.8,71.0,1908.0,0.03,33.0,19.0,44.0
408,19,23.5,0.0,4.4,33.0,1428.0,0.064,98.0,41.0,201.0
411,16,26.6,0.0,4.8,38.0,2000.0,0.063,30.0,23.0,300.0
412,1,19.0,0.0,0.6,78.0,258.0,,,,46.0
413,19,22.5,0.0,3.7,53.0,904.0,0.08199999999999999,84.0,53.0,262.0
414,5,18.8,0.0,1.4,74.0,618.0,0.055,61.0,37.0,18.0
415,17,24.1,0.0,2.8,53.0,525.0,0.08199999999999999,88.0,51.0,158.0
417,16,26.2,0.0,3.9,33.0,2000.0,0.063,36.0,23.0,254.0
419,2,12.4,0.0,3.5,42.0,1448.0,0.063,73.0,47.0,25.0
423,2,14.1,0.0,4.5,42.0,2000.0,0.037000000000000005,21.0,12.0,40.0
425,14,26.4,0.0,3.5,32.0,1911.0,0.067,29.0,18.0,229.0
426,10,7.7,0.0,0.5,65.0,990.0,0.011,35.0,,55.0
427,6,13.4,0.0,1.9,78.0,815.0,0.02,53.0,26.0,36.0
430,20,25.7,0.0,2.7,54.0,1978.0,0.025,48.0,31.0,252.0
432,19,24.1,0.0,4.2,34.0,2000.0,0.051,36.0,16.0,278.0
433,0,14.5,0.0,2.2,67.0,1661.0,0.033,47.0,18.0,62.0
434,14,20.0,0.0,1.9,44.0,930.0,0.034,124.0,39.0,156.0
436,15,25.6,0.0,2.1,30.0,1894.0,0.066,44.0,25.0,114.0
437,20,19.3,0.0,2.4,36.0,935.0,0.046,176.0,39.0,123.0
438,20,16.9,0.0,3.5,64.0,754.0,0.03,68.0,53.0,124.0
440,22,10.1,0.0,1.7,86.0,459.0,0.006,40.0,40.0,112.0
442,21,18.0,0.0,2.7,51.0,1967.0,0.056,54.0,33.0,178.0
443,23,19.1,0.0,2.2,44.0,2000.0,0.042,27.0,20.0,152.0
444,7,4.4,0.0,0.6,71.0,633.0,0.033,76.0,71.0,76.0
445,8,14.7,0.0,1.6,70.0,1577.0,0.026,28.0,16.0,56.0
446,0,17.7,0.0,1.1,36.0,1111.0,0.027000000000000003,155.0,35.0,78.0
448,19,21.7,0.0,3.8,19.0,2000.0,0.064,37.0,20.0,191.0
450,1,12.1,0.0,1.8,34.0,2000.0,,,,23.0
453,9,15.1,0.0,4.2,63.0,1849.0,0.028,39.0,21.0,118.0
455,22,13.9,0.0,1.8,25.0,2000.0,0.035,41.0,18.0,157.0
456,16,29.0,0.0,4.1,41.0,1207.0,0.106,72.0,49.0,126.0
457,3,16.5,0.0,1.1,43.0,1068.0,0.01,162.0,39.0,32.0
459,18,22.0,0.0,3.3,11.0,2000.0,0.053,17.0,13.0,336.0
460,8,8.1,0.0,0.4,70.0,1378.0,0.006999999999999999,52.0,25.0,194.0
461,17,28.8,0.0,2.9,40.0,1354.0,0.093,66.0,43.0,176.0
462,12,25.0,0.0,1.9,54.0,699.0,0.056,66.0,41.0,113.0
464,9,19.8,0.0,0.6,57.0,1721.0,0.008,40.0,29.0,138.0
465,10,11.9,1.0,2.4,54.0,935.0,0.005,73.0,61.0,30.0
466,10,20.7,0.0,4.1,43.0,1480.0,0.044,32.0,21.0,109.0
468,13,19.4,0.0,4.9,55.0,1449.0,0.055,53.0,28.0,108.0
469,10,23.3,0.0,1.4,33.0,1994.0,0.009000000000000001,32.0,20.0,118.0
472,11,24.0,0.0,2.2,42.0,1966.0,0.038,44.0,26.0,121.0
473,11,23.4,0.0,1.8,58.0,690.0,0.057,64.0,40.0,95.0
475,19,15.3,0.0,3.3,40.0,2000.0,0.045,59.0,26.0,188.0
476,19,10.8,1.0,3.9,92.0,250.0,0.032,34.0,28.0,1.0
477,14,26.8,0.0,4.2,28.0,1514.0,0.086,60.0,36.0,102.0
479,19,21.2,0.0,1.9,47.0,1881.0,0.041,42.0,25.0,296.0
480,8,14.5,1.0,1.9,94.0,128.0,0.013,60.0,34.0,165.0
481,22,14.0,0.0,2.7,30.0,2000.0,0.049,26.0,15.0,100.0
482,21,14.6,0.0,3.8,29.0,2000.0,0.044,43.0,19.0,163.0
487,5,9.1,0.0,1.2,83.0,495.0,0.014,81.0,39.0,8.0
488,2,18.2,0.0,2.1,64.0,2000.0,0.003,33.0,23.0,40.0
489,10,15.1,0.0,7.3,37.0,1992.0,0.04,45.0,19.0,66.0
490,23,15.2,0.0,1.4,58.0,2000.0,0.041,31.0,16.0,122.0
492,7,13.7,0.0,0.3,71.0,508.0,0.062,81.0,50.0,19.0
493,1,9.9,0.0,1.6,62.0,1755.0,,,,41.0
496,5,4.0,0.0,0.3,78.0,1521.0,0.021,28.0,28.0,8.0
498,8,19.2,0.0,1.6,56.0,2000.0,0.008,31.0,19.0,267.0
500,23,11.7,0.0,2.9,65.0,1446.0,0.041,50.0,21.0,114.0
501,0,10.0,0.0,0.5,50.0,830.0,0.026,82.0,70.0,46.0
502,9,15.0,0.0,2.9,59.0,1921.0,0.018000000000000002,58.0,17.0,113.0
503,15,13.4,1.0,3.7,62.0,969.0,0.043,43.0,35.0,2.0
504,1,15.0,0.0,1.5,65.0,1167.0,,,,70.0
505,13,16.8,0.0,7.5,43.0,2000.0,0.053,55.0,17.0,3.0
506,0,15.3,0.0,1.2,87.0,391.0,0.015,75.0,35.0,91.0
507,17,19.5,0.0,2.6,54.0,579.0,0.059,66.0,51.0,195.0
508,12,13.1,0.0,3.1,48.0,1012.0,0.016,70.0,57.0,22.0
509,18,19.8,0.0,5.3,21.0,2000.0,0.07200000000000001,38.0,22.0,266.0
510,23,11.1,0.0,2.9,55.0,2000.0,0.033,47.0,21.0,85.0
511,1,11.4,0.0,1.7,40.0,1645.0,,,,27.0
512,21,15.5,0.0,3.4,45.0,2000.0,0.054000000000000006,45.0,21.0,163.0
513,14,13.2,1.0,4.7,81.0,604.0,0.053,52.0,19.0,27.0
514,4,16.0,0.0,0.1,52.0,1162.0,0.041,68.0,41.0,15.0
516,18,22.6,0.0,5.4,18.0,2000.0,0.066,39.0,21.0,252.0
517,13,10.3,0.0,1.4,89.0,599.0,0.022,27.0,26.0,55.0
519,21,13.3,0.0,3.1,48.0,1880.0,0.052000000000000005,54.0,26.0,162.0
520,7,10.0,0.0,0.5,51.0,1948.0,0.028,84.0,25.0,72.0
522,19,28.7,0.0,3.3,8.0,2000.0,0.052000000000000005,22.0,10.0,317.0
523,10,21.5,0.0,1.1,65.0,1302.0,0.02,27.0,18.0,87.0
524,8,9.0,0.0,2.5,17.0,2000.0,0.018000000000000002,41.0,13.0,197.0
526,12,21.8,0.0,3.6,47.0,1903.0,0.056,34.0,21.0,147.0
527,9,13.4,0.0,2.6,21.0,986.0,0.027000000000000003,212.0,20.0,59.0
528,15,12.7,1.0,4.8,88.0,293.0,0.044,,,8.0
530,2,17.2,0.0,0.4,44.0,1048.0,0.022,162.0,39.0,38.0
531,15,21.2,0.0,3.7,12.0,2000.0,0.047,23.0,12.0,133.0
533,8,14.8,0.0,1.1,52.0,2000.0,0.015,37.0,22.0,224.0
535,2,13.2,0.0,2.4,29.0,1271.0,0.033,60.0,51.0,26.0
536,12,19.7,0.0,3.5,45.0,1307.0,0.053,124.0,21.0,80.0
537,18,18.3,0.0,4.3,43.0,1304.0,0.056,76.0,30.0,299.0
538,21,21.4,0.0,3.7,49.0,1790.0,0.027000000000000003,54.0,30.0,207.0
539,0,17.2,0.0,1.8,35.0,2000.0,0.043,24.0,19.0,137.0
541,13,26.3,0.0,2.0,42.0,1502.0,0.037000000000000005,53.0,33.0,114.0
542,14,14.6,0.0,6.7,14.0,2000.0,0.048,59.0,11.0,93.0
543,23,16.6,0.0,2.1,71.0,465.0,0.066,92.0,53.0,112.0
545,1,14.4,0.0,2.6,41.0,2000.0,,,,52.0
546,18,20.9,0.0,4.2,51.0,686.0,0.031,59.0,50.0,275.0
548,17,28.1,0.0,2.0,19.0,1665.0,0.08800000000000001,65.0,35.0,248.0
550,20,17.4,0.0,3.5,30.0,1815.0,0.056,72.0,41.0,135.0
551,2,8.4,0.0,2.0,68.0,1923.0,0.033,55.0,18.0,21.0
552,14,17.2,0.0,3.5,28.0,1970.0,0.048,64.0,18.0,131.0
553,15,29.6,0.0,2.5,22.0,859.0,0.099,74.0,38.0,227.0
554,3,11.6,1.0,0.0,90.0,284.0,0.01,68.0,57.0,5.0
555,15,23.3,0.0,3.4,58.0,1818.0,0.036000000000000004,32.0,22.0,110.0
556,22,14.3,0.0,1.7,35.0,921.0,0.047,83.0,72.0,104.0
557,8,10.7,0.0,2.0,45.0,1881.0,0.024,45.0,24.0,212.0
558,14,14.2,0.0,3.1,27.0,1564.0,0.053,49.0,46.0,186.0
559,0,15.4,0.0,2.4,41.0,2000.0,0.035,26.0,11.0,80.0
560,12,17.3,0.0,7.7,37.0,1999.0,0.051,60.0,12.0,21.0
561,4,14.0,0.0,1.6,43.0,1999.0,0.006999999999999999,55.0,40.0,6.0
562,23,17.3,0.0,2.9,37.0,1325.0,0.063,63.0,35.0,102.0
565,8,11.4,0.0,2.1,82.0,440.0,0.027000000000000003,74.0,42.0,43.0
566,23,13.4,0.0,2.1,31.0,2000.0,0.043,26.0,16.0,88.0
568,7,12.8,0.0,1.4,84.0,235.0,0.031,114.0,67.0,39.0
569,4,11.9,0.0,2.8,85.0,742.0,0.045,57.0,22.0,27.0
570,0,14.3,0.0,,49.0,2000.0,0.044,37.0,20.0,58.0
571,5,5.0,0.0,0.3,59.0,1022.0,0.04,70.0,64.0,12.0
573,4,10.6,0.0,1.8,80.0,512.0,0.019,53.0,45.0,8.0
574,9,9.8,0.0,3.3,58.0,1263.0,0.01,107.0,21.0,124.0
575,16,18.4,1.0,8.0,77.0,1006.0,0.06,61.0,27.0,46.0
576,2,11.2,0.0,1.6,55.0,1583.0,0.024,62.0,31.0,43.0
579,15,19.7,0.0,3.4,61.0,1053.0,0.044,48.0,29.0,113.0
580,9,15.3,0.0,1.5,43.0,1084.0,0.032,110.0,29.0,95.0
581,12,18.0,0.0,2.3,53.0,978.0,0.015,123.0,34.0,122.0
582,19,11.7,0.0,2.6,51.0,2000.0,0.043,29.0,25.0,77.0
583,13,27.3,0.0,2.7,26.0,836.0,0.055,77.0,40.0,189.0
584,17,19.9,1.0,0.9,56.0,1082.0,0.06,109.0,37.0,4.0
586,18,21.9,0.0,4.1,17.0,1987.0,0.056,61.0,16.0,150.0
587,13,20.6,0.0,1.7,48.0,1813.0,0.035,40.0,18.0,107.0
591,16,19.0,0.0,3.2,22.0,1285.0,0.067,71.0,59.0,125.0
593,2,10.9,0.0,0.8,79.0,1918.0,0.018000000000000002,31.0,23.0,28.0
595,12,17.2,0.0,3.4,56.0,1478.0,0.035,34.0,24.0,19.0
597,4,7.5,0.0,0.4,79.0,1636.0,0.032,56.0,21.0,6.0
600,3,5.7,0.0,0.8,74.0,2000.0,0.032,12.0,13.0,21.0
601,19,15.9,0.0,3.5,47.0,1626.0,0.043,79.0,25.0,205.0
602,8,19.0,0.0,1.4,75.0,537.0,0.049,55.0,33.0,222.0
603,4,15.6,0.0,2.1,65.0,636.0,0.081,83.0,48.0,27.0
604,16,24.2,0.0,3.4,33.0,1633.0,0.075,77.0,42.0,296.0
612,5,11.9,0.0,0.6,41.0,879.0,0.032,66.0,60.0,10.0
613,17,19.6,0.0,4.2,36.0,1231.0,0.059,77.0,29.0,205.0
619,15,20.0,0.0,4.0,39.0,2000.0,0.055,22.0,17.0,281.0
620,19,26.5,0.0,4.4,31.0,1973.0,0.071,45.0,28.0,324.0
621,6,13.5,0.0,0.5,49.0,2000.0,0.051,29.0,18.0,37.0
622,5,10.2,0.0,0.7,75.0,726.0,0.03,68.0,31.0,12.0
623,7,14.8,0.0,1.3,55.0,1305.0,0.017,65.0,42.0,65.0
625,11,22.0,0.0,2.0,39.0,1677.0,0.037000000000000005,46.0,28.0,88.0
626,19,16.8,0.0,6.2,41.0,1467.0,0.056,108.0,20.0,111.0
627,5,10.9,0.0,3.8,10.0,2000.0,0.047,45.0,13.0,10.0
628,9,12.2,0.0,1.9,42.0,1946.0,0.01,41.0,26.0,106.0
630,8,13.5,0.0,0.8,78.0,972.0,0.024,36.0,19.0,189.0
632,15,18.8,0.0,3.8,41.0,1632.0,0.043,78.0,26.0,119.0
634,4,18.9,0.0,1.7,80.0,459.0,0.04,70.0,41.0,13.0
635,10,16.6,0.0,0.9,53.0,1145.0,0.011,128.0,30.0,63.0
636,16,24.4,0.0,3.3,52.0,549.0,0.078,81.0,45.0,127.0
639,2,10.8,0.0,1.4,22.0,1998.0,0.038,64.0,19.0,24.0
640,6,14.0,0.0,0.4,71.0,533.0,0.069,82.0,50.0,9.0
641,7,17.8,0.0,1.2,58.0,2000.0,0.012,30.0,22.0,108.0
642,8,9.5,0.0,1.5,72.0,955.0,0.02,47.0,22.0,214.0
647,17,26.6,0.0,4.0,39.0,1081.0,0.091,84.0,48.0,287.0
649,16,20.5,0.0,4.2,36.0,2000.0,0.055,20.0,14.0,302.0
653,8,15.7,0.0,1.4,51.0,1157.0,0.01,66.0,41.0,169.0
654,18,20.3,0.0,4.1,24.0,2000.0,,57.0,27.0,320.0
655,10,21.6,0.0,1.4,40.0,1739.0,0.026,45.0,28.0,95.0
658,9,18.0,0.0,1.8,44.0,1961.0,0.03,31.0,20.0,79.0
661,7,11.1,0.0,1.3,84.0,967.0,0.034,54.0,19.0,21.0
663,12,21.9,0.0,2.6,41.0,1618.0,0.04,46.0,25.0,113.0
664,3,8.9,0.0,1.4,62.0,1994.0,0.041,46.0,18.0,23.0
666,12,13.8,0.0,2.8,42.0,516.0,0.031,104.0,89.0,82.0
667,1,15.5,0.0,5.4,48.0,540.0,,,,40.0
668,21,13.1,0.0,2.7,60.0,1582.0,0.025,76.0,28.0,121.0
669,13,21.6,0.0,3.5,34.0,990.0,0.037000000000000005,78.0,40.0,184.0
670,22,12.5,0.0,4.0,76.0,525.0,0.013,67.0,54.0,60.0
671,5,13.2,0.0,0.1,76.0,698.0,0.023,56.0,42.0,17.0
672,15,24.2,0.0,5.0,30.0,1937.0,0.067,48.0,25.0,140.0
673,5,15.7,0.0,1.0,62.0,1704.0,0.019,42.0,28.0,22.0
674,22,11.0,1.0,2.9,95.0,177.0,0.028,29.0,29.0,2.0
676,11,16.9,0.0,5.5,35.0,1948.0,0.045,51.0,13.0,52.0
677,8,14.3,0.0,0.6,69.0,493.0,0.061,87.0,52.0,33.0
678,5,11.8,0.0,0.8,51.0,1694.0,0.055,102.0,30.0,26.0
679,16,20.0,0.0,4.9,24.0,1976.0,0.071,46.0,19.0,162.0
680,20,12.9,0.0,4.0,70.0,1355.0,0.053,54.0,27.0,85.0
683,13,19.4,0.0,2.5,16.0,2000.0,0.045,27.0,14.0,122.0
684,9,12.1,0.0,1.9,58.0,771.0,0.032,65.0,36.0,60.0
687,6,17.7,0.0,0.6,56.0,2000.0,0.014,31.0,20.0,49.0
688,6,9.8,0.0,0.1,84.0,874.0,0.009000000000000001,35.0,27.0,32.0
690,12,21.4,0.0,3.0,46.0,565.0,0.064,213.0,57.0,104.0
691,0,17.9,0.0,0.7,87.0,582.0,0.004,32.0,25.0,30.0
692,18,29.3,0.0,2.6,32.0,1661.0,0.08199999999999999,45.0,32.0,380.0
693,15,21.6,0.0,3.4,21.0,2000.0,0.053,33.0,17.0,284.0
694,7,7.9,0.0,1.0,55.0,2000.0,0.028,30.0,19.0,96.0
695,17,20.1,0.0,4.5,25.0,2000.0,,58.0,29.0,236.0
697,18,18.1,0.0,4.1,61.0,2000.0,0.039,27.0,16.0,339.0
698,15,22.5,0.0,2.9,37.0,848.0,0.048,145.0,45.0,97.0
699,23,20.5,0.0,1.6,54.0,1808.0,0.028,56.0,31.0,137.0
700,16,27.5,0.0,2.9,38.0,1863.0,0.083,51.0,28.0,263.0
701,13,22.3,0.0,3.7,49.0,1819.0,0.057,38.0,22.0,118.0
702,6,10.4,0.0,1.7,50.0,1976.0,0.024,94.0,27.0,30.0
706,9,9.7,0.0,3.0,99.0,165.0,0.023,25.0,22.0,52.0
707,14,11.2,0.0,2.7,80.0,1013.0,0.03,25.0,25.0,75.0
708,14,18.5,0.0,3.5,33.0,1636.0,0.041,68.0,25.0,121.0
709,8,16.5,0.0,0.6,62.0,1600.0,0.022,37.0,28.0,51.0
710,13,19.0,0.0,1.9,28.0,697.0,0.045,87.0,78.0,88.0
711,1,14.1,0.0,2.0,41.0,2000.0,,,,29.0
712,16,19.7,0.0,5.4,38.0,1589.0,0.063,58.0,35.0,140.0
713,19,18.8,0.0,4.3,28.0,2000.0,0.051,40.0,19.0,211.0
715,1,12.3,0.0,1.2,78.0,629.0,,,,58.0
716,11,22.9,0.0,2.1,31.0,1947.0,0.04,25.0,18.0,127.0
719,6,7.2,0.0,0.6,55.0,831.0,0.004,78.0,68.0,19.0
722,14,24.6,0.0,2.6,32.0,1867.0,0.052000000000000005,47.0,27.0,101.0
724,8,18.2,0.0,0.8,63.0,1987.0,0.005,36.0,25.0,215.0
725,5,12.2,0.0,3.0,76.0,407.0,0.033,67.0,40.0,11.0
727,1,5.3,0.0,2.3,76.0,1965.0,,,,24.0
729,0,13.8,0.0,3.2,69.0,518.0,0.042,79.0,46.0,46.0
732,8,10.5,0.0,0.6,35.0,1953.0,0.038,47.0,27.0,155.0
733,10,12.8,0.0,1.8,81.0,325.0,0.015,74.0,67.0,55.0
735,3,4.6,0.0,0.3,76.0,1951.0,0.03,27.0,25.0,11.0
736,18,26.4,0.0,4.4,50.0,1381.0,0.083,54.0,33.0,305.0
739,3,16.1,0.0,2.9,83.0,400.0,0.051,60.0,35.0,46.0
740,1,4.9,0.0,1.5,81.0,2000.0,,,,34.0
741,17,20.3,0.0,5.5,35.0,2000.0,0.053,60.0,16.0,276.0
742,23,12.1,0.0,3.5,76.0,450.0,0.006999999999999999,74.0,57.0,11.0
743,11,17.2,0.0,2.9,74.0,1307.0,0.029,39.0,25.0,81.0
744,10,10.2,0.0,2.6,84.0,261.0,0.013,72.0,62.0,55.0
747,11,24.0,0.0,1.5,48.0,1303.0,0.017,45.0,28.0,92.0
748,0,14.8,0.0,1.2,64.0,2000.0,0.042,28.0,16.0,78.0
750,11,17.1,0.0,5.3,40.0,1984.0,0.043,53.0,14.0,110.0
751,23,13.3,0.0,1.8,44.0,1650.0,0.043,67.0,34.0,100.0
754,6,14.9,0.0,0.9,51.0,1308.0,0.032,62.0,37.0,34.0
755,13,17.7,0.0,2.4,50.0,1129.0,0.036000000000000004,,,114.0
756,23,19.2,0.0,1.9,46.0,1877.0,0.006,64.0,38.0,101.0
757,11,18.4,0.0,0.9,57.0,1437.0,0.027000000000000003,39.0,21.0,78.0
759,15,21.3,0.0,1.3,36.0,1368.0,0.041,30.0,27.0,146.0
760,14,21.0,0.0,2.1,71.0,575.0,0.039,74.0,43.0,88.0
761,18,10.6,0.0,3.3,83.0,1108.0,0.027000000000000003,31.0,29.0,177.0
762,7,14.6,1.0,0.9,94.0,108.0,0.019,58.0,29.0,37.0
763,5,16.6,0.0,1.6,73.0,1228.0,0.017,39.0,27.0,20.0
764,6,15.5,0.0,0.4,66.0,465.0,0.013,119.0,75.0,28.0
767,7,13.7,0.0,2.5,77.0,772.0,0.023,47.0,26.0,78.0
771,18,25.9,0.0,4.5,31.0,2000.0,0.079,54.0,29.0,366.0
772,8,13.7,0.0,3.3,40.0,2000.0,0.032,17.0,9.0,215.0
773,21,21.3,0.0,0.8,47.0,715.0,0.092,100.0,56.0,229.0
776,2,15.4,0.0,1.3,76.0,1276.0,0.035,25.0,20.0,20.0
777,7,5.6,0.0,0.4,79.0,1992.0,0.006999999999999999,19.0,18.0,20.0
778,8,7.7,0.0,1.5,66.0,1695.0,0.01,76.0,19.0,184.0
779,23,11.7,0.0,1.9,67.0,1111.0,0.024,75.0,32.0,96.0
780,10,16.0,0.0,2.8,84.0,976.0,0.028,46.0,31.0,95.0
782,1,11.3,1.0,4.3,88.0,295.0,,,,24.0
783,21,13.6,0.0,2.9,67.0,540.0,0.061,87.0,59.0,136.0
785,18,24.8,0.0,2.5,48.0,671.0,0.077,75.0,48.0,316.0
786,13,19.0,0.0,3.2,49.0,2000.0,0.04,55.0,17.0,122.0
787,4,12.3,0.0,1.5,36.0,966.0,0.024,96.0,90.0,14.0
788,19,20.7,0.0,3.8,42.0,1993.0,0.057,50.0,27.0,197.0
789,11,16.8,0.0,1.3,61.0,682.0,0.042,69.0,40.0,109.0
790,0,11.7,0.0,1.3,76.0,733.0,0.031,68.0,29.0,79.0
791,12,26.1,0.0,2.4,36.0,1562.0,0.043,52.0,31.0,141.0
792,21,15.8,0.0,1.1,87.0,620.0,0.026,54.0,27.0,75.0
793,20,22.7,0.0,4.0,36.0,2000.0,0.055,29.0,19.0,238.0
797,21,21.0,0.0,3.0,41.0,2000.0,0.046,33.0,22.0,232.0
799,20,20.1,0.0,2.5,52.0,2000.0,0.038,37.0,22.0,215.0
800,7,10.9,0.0,2.0,61.0,973.0,0.028,61.0,38.0,85.0
801,9,19.2,0.0,1.6,50.0,789.0,0.027000000000000003,50.0,29.0,115.0
804,11,17.1,0.0,2.4,55.0,1982.0,0.035,55.0,12.0,98.0
808,6,8.9,0.0,1.4,53.0,2000.0,0.029,28.0,19.0,36.0
811,7,13.9,0.0,0.7,54.0,2000.0,0.006,42.0,26.0,106.0
813,10,19.1,0.0,2.4,69.0,682.0,0.039,56.0,33.0,89.0
815,16,20.5,0.0,4.6,34.0,1962.0,0.053,61.0,14.0,337.0
816,10,19.1,0.0,2.0,54.0,1873.0,0.032,29.0,18.0,101.0
817,23,19.6,0.0,1.2,59.0,2000.0,0.019,28.0,22.0,131.0
820,5,16.2,0.0,1.0,63.0,1085.0,0.006,71.0,49.0,15.0
821,7,14.7,0.0,2.1,54.0,2000.0,0.024,31.0,23.0,18.0
822,18,27.1,0.0,2.8,26.0,2000.0,0.057,20.0,14.0,342.0
823,12,22.3,0.0,2.8,51.0,575.0,,,,121.0
824,22,13.3,0.0,3.6,66.0,619.0,0.064,90.0,62.0,114.0
826,21,13.5,0.0,3.6,71.0,2000.0,0.039,33.0,27.0,141.0
827,3,13.2,0.0,2.2,71.0,496.0,0.034,66.0,41.0,23.0
828,14,26.8,0.0,2.7,30.0,1835.0,0.078,40.0,24.0,180.0
829,7,18.7,0.0,2.0,69.0,915.0,,,,127.0
830,20,24.8,0.0,3.3,55.0,1442.0,0.069,62.0,37.0,290.0
831,8,10.0,1.0,3.5,99.0,106.0,0.029,26.0,24.0,41.0
832,19,17.3,0.0,2.6,40.0,2000.0,0.049,19.0,15.0,137.0
833,4,12.3,0.0,0.7,49.0,1506.0,0.059,103.0,28.0,7.0
834,13,14.3,0.0,4.5,14.0,2000.0,0.044,61.0,14.0,88.0
835,11,14.5,0.0,2.1,67.0,912.0,0.027000000000000003,44.0,32.0,75.0
837,0,12.4,0.0,2.6,55.0,965.0,0.059,81.0,54.0,51.0
838,19,16.9,0.0,4.4,49.0,1349.0,0.053,75.0,31.0,195.0
840,8,10.7,0.0,1.2,92.0,186.0,0.021,66.0,55.0,36.0
841,3,19.1,0.0,0.9,79.0,489.0,0.04,67.0,39.0,20.0
842,12,18.4,0.0,2.9,51.0,1870.0,0.037000000000000005,56.0,14.0,122.0
843,9,12.4,0.0,2.0,35.0,1927.0,0.024,43.0,20.0,125.0
844,19,15.9,0.0,4.9,53.0,961.0,0.063,78.0,41.0,146.0
845,7,15.1,0.0,0.5,67.0,1008.0,0.027000000000000003,48.0,30.0,76.0
846,20,13.5,0.0,3.3,76.0,538.0,0.021,64.0,53.0,106.0
849,12,15.5,0.0,2.2,25.0,1987.0,0.029,71.0,30.0,113.0
850,1,20.0,0.0,2.1,73.0,729.0,,,,46.0
854,22,12.3,0.0,2.3,63.0,1249.0,0.033,69.0,26.0,122.0
855,16,18.5,0.0,4.2,38.0,1546.0,0.051,80.0,23.0,138.0
856,10,20.8,0.0,1.8,45.0,1988.0,0.03,53.0,21.0,94.0
860,17,17.7,0.0,4.9,29.0,2000.0,0.049,53.0,15.0,147.0
862,20,20.7,0.0,3.1,37.0,2000.0,0.035,31.0,16.0,219.0
863,22,20.2,0.0,2.8,33.0,1945.0,0.079,68.0,36.0,206.0
864,8,18.0,0.0,0.3,61.0,1373.0,0.021,52.0,28.0,57.0
865,6,9.4,0.0,2.5,85.0,370.0,0.022,56.0,49.0,11.0
866,23,11.2,0.0,1.6,39.0,1908.0,0.029,97.0,22.0,73.0
868,21,15.7,0.0,3.2,52.0,2000.0,0.049,49.0,16.0,126.0
869,23,18.0,0.0,1.4,36.0,1051.0,0.031,166.0,36.0,131.0
873,12,16.2,0.0,2.9,57.0,946.0,0.027000000000000003,,,108.0
875,9,14.6,0.0,4.8,38.0,2000.0,0.029,19.0,11.0,149.0
876,8,17.0,0.0,1.2,65.0,986.0,0.021,32.0,22.0,212.0
877,0,11.1,0.0,2.3,72.0,1290.0,0.04,48.0,25.0,66.0
878,20,16.5,0.0,3.4,29.0,2000.0,0.061,41.0,25.0,135.0
879,20,27.7,0.0,2.9,9.0,2000.0,0.049,20.0,11.0,271.0
880,14,27.1,0.0,2.2,29.0,856.0,0.055,88.0,42.0,113.0
882,9,10.9,0.0,1.9,50.0,1844.0,0.012,84.0,24.0,98.0
883,7,15.3,0.0,2.6,69.0,291.0,0.014,124.0,79.0,82.0
884,8,8.7,0.0,1.7,50.0,2000.0,0.006,36.0,19.0,201.0
885,1,16.2,0.0,2.8,51.0,919.0,,,,62.0
887,3,17.3,0.0,2.2,69.0,1636.0,0.032,30.0,24.0,27.0
888,19,20.7,0.0,4.3,19.0,2000.0,0.054000000000000006,51.0,13.0,165.0
889,1,18.0,0.0,1.4,47.0,2000.0,,,,77.0
891,22,20.2,0.0,2.8,54.0,2000.0,0.022,28.0,21.0,195.0
892,14,18.8,0.0,3.7,53.0,1973.0,0.036000000000000004,61.0,32.0,108.0
893,9,19.5,0.0,1.2,57.0,906.0,0.016,31.0,19.0,124.0
894,14,14.4,1.0,3.5,79.0,1395.0,0.039,41.0,28.0,1.0
896,7,14.6,0.0,0.6,53.0,1532.0,0.014,56.0,31.0,23.0
897,8,13.3,0.0,0.6,66.0,1144.0,0.006,41.0,28.0,217.0
898,14,26.3,0.0,2.1,25.0,1667.0,0.071,74.0,39.0,154.0
904,14,20.4,0.0,2.7,22.0,2000.0,0.049,45.0,19.0,235.0
905,20,22.6,0.0,2.3,43.0,1963.0,0.034,54.0,29.0,218.0
906,1,16.8,0.0,0.8,79.0,518.0,,,,95.0
907,16,13.2,1.0,3.3,87.0,1342.0,0.044,24.0,17.0,52.0
908,20,22.5,0.0,4.8,29.0,2000.0,0.053,37.0,22.0,200.0
909,12,17.6,0.0,1.7,42.0,1712.0,0.034,72.0,28.0,140.0
910,10,12.6,0.0,2.5,50.0,2000.0,0.018000000000000002,42.0,25.0,76.0
911,11,20.3,0.0,2.4,69.0,670.0,0.054000000000000006,58.0,38.0,85.0
912,11,20.3,0.0,2.6,56.0,576.0,,,,95.0
914,3,19.4,0.0,2.7,59.0,1529.0,0.025,65.0,31.0,32.0
915,13,18.2,0.0,4.8,21.0,2000.0,0.046,,,104.0
916,19,14.6,0.0,3.0,76.0,1996.0,0.045,25.0,22.0,147.0
917,5,14.3,0.0,0.7,50.0,2000.0,0.026,42.0,28.0,11.0
919,6,12.5,0.0,2.5,64.0,2000.0,0.033,41.0,13.0,40.0
920,16,23.9,0.0,6.0,22.0,2000.0,0.058,40.0,14.0,137.0
921,17,17.5,0.0,3.7,46.0,1879.0,0.057,78.0,26.0,136.0
922,16,21.3,0.0,2.3,43.0,951.0,0.057,145.0,43.0,8.0
925,2,11.9,0.0,1.8,78.0,574.0,0.004,61.0,50.0,29.0
928,20,18.5,1.0,2.6,89.0,296.0,0.019,40.0,29.0,38.0
929,19,24.3,0.0,3.9,30.0,2000.0,0.058,28.0,17.0,226.0
931,20,20.6,0.0,2.6,60.0,830.0,0.07,,51.0,190.0
932,9,11.3,0.0,1.4,90.0,230.0,0.018000000000000002,67.0,59.0,43.0
933,21,15.2,0.0,1.3,68.0,747.0,0.017,60.0,50.0,144.0
935,9,4.9,0.0,2.0,74.0,879.0,0.008,35.0,35.0,30.0
936,0,11.5,0.0,1.0,74.0,2000.0,0.026,26.0,22.0,40.0
938,0,12.8,0.0,1.8,79.0,733.0,0.008,46.0,38.0,75.0
940,15,20.3,0.0,4.0,51.0,1149.0,0.067,55.0,31.0,120.0
943,17,26.6,0.0,3.1,33.0,783.0,0.077,115.0,55.0,172.0
944,5,12.4,0.0,1.3,64.0,2000.0,0.039,37.0,14.0,15.0
945,5,17.4,0.0,1.0,71.0,1855.0,0.005,33.0,24.0,26.0
947,4,12.3,0.0,2.8,22.0,1082.0,0.042,223.0,20.0,16.0
948,2,14.6,0.0,1.1,82.0,293.0,0.061,100.0,57.0,16.0
949,22,14.0,0.0,2.9,43.0,1887.0,0.043,83.0,20.0,91.0
951,3,13.3,0.0,2.5,43.0,2000.0,0.037000000000000005,19.0,9.0,23.0
952,11,24.0,0.0,1.7,34.0,1319.0,0.019,72.0,42.0,114.0
954,10,19.8,0.0,2.1,48.0,488.0,0.032,130.0,73.0,106.0
955,1,20.0,0.0,2.2,58.0,1617.0,,,,78.0
956,1,11.7,0.0,3.1,38.0,2000.0,,,,51.0
957,9,6.6,0.0,1.7,71.0,1871.0,0.015,16.0,16.0,52.0
958,14,20.9,0.0,5.3,29.0,1599.0,0.055,58.0,23.0,140.0
960,22,14.4,0.0,5.1,22.0,1996.0,0.04,82.0,19.0,120.0
963,18,23.8,0.0,3.5,39.0,1777.0,0.053,66.0,36.0,277.0
965,20,23.1,0.0,3.0,50.0,2000.0,0.04,36.0,26.0,244.0
966,4,11.7,0.0,0.6,91.0,239.0,0.008,72.0,60.0,9.0
967,15,26.3,0.0,3.6,30.0,1805.0,,50.0,22.0,131.0
968,19,17.8,0.0,3.2,60.0,2000.0,0.038,26.0,15.0,232.0
970,14,12.9,0.0,2.8,39.0,2000.0,0.046,19.0,,164.0
972,6,11.1,0.0,1.5,83.0,430.0,0.047,70.0,41.0,15.0
973,14,26.7,0.0,1.2,37.0,1397.0,0.038,45.0,29.0,132.0
974,6,14.7,1.0,0.1,93.0,153.0,0.02,59.0,31.0,3.0
975,10,13.8,0.0,0.3,54.0,889.0,0.014,78.0,35.0,78.0
977,6,16.2,0.0,2.0,61.0,1721.0,0.029,35.0,26.0,19.0
979,6,18.3,0.0,2.3,64.0,1403.0,0.026,55.0,32.0,18.0
982,18,17.9,0.0,4.5,24.0,2000.0,0.054000000000000006,55.0,17.0,272.0
983,16,30.0,0.0,3.2,16.0,1183.0,0.1,70.0,38.0,304.0
984,0,14.9,0.0,2.4,35.0,2000.0,0.034,55.0,20.0,68.0
985,3,10.4,0.0,0.6,42.0,2000.0,0.033,30.0,21.0,8.0
986,8,13.7,0.0,1.9,65.0,468.0,0.022,116.0,69.0,93.0
987,6,18.7,0.0,1.0,72.0,634.0,,,,53.0
988,12,20.6,0.0,2.1,62.0,1330.0,0.045,38.0,24.0,105.0
989,18,16.7,0.0,3.9,36.0,1892.0,0.044,77.0,28.0,239.0
991,10,19.8,0.0,2.8,71.0,679.0,0.048,60.0,36.0,74.0
992,1,17.8,0.0,1.2,59.0,676.0,,,,42.0
994,0,17.6,0.0,1.2,73.0,665.0,0.038,57.0,36.0,80.0
995,21,9.5,0.0,2.2,46.0,1139.0,0.056,70.0,61.0,73.0
997,18,22.9,0.0,5.5,29.0,2000.0,0.049,36.0,9.0,375.0
1000,5,11.8,0.0,2.5,21.0,1014.0,0.042,205.0,18.0,6.0
1001,19,27.2,0.0,2.6,44.0,1566.0,0.084,59.0,38.0,335.0
1002,5,15.4,0.0,0.9,50.0,1979.0,0.027000000000000003,49.0,28.0,17.0
1003,18,12.1,0.0,0.9,46.0,2000.0,0.049,24.0,22.0,137.0
1004,9,12.0,0.0,3.6,55.0,1999.0,0.016,44.0,29.0,107.0
1005,15,26.7,0.0,3.4,30.0,1682.0,0.057,64.0,32.0,205.0
1007,9,16.4,0.0,1.0,62.0,503.0,0.07200000000000001,86.0,51.0,57.0
1009,1,13.4,0.0,1.9,69.0,2000.0,,,,34.0
1010,5,16.5,0.0,1.1,56.0,2000.0,0.033,36.0,24.0,16.0
1011,17,18.9,0.0,4.2,55.0,2000.0,0.042,32.0,11.0,161.0
1012,14,23.2,0.0,6.0,42.0,1809.0,0.06,44.0,24.0,107.0
1014,15,26.8,0.0,3.7,34.0,1923.0,0.076,44.0,29.0,237.0
1017,13,16.3,0.0,1.8,22.0,1975.0,0.034,56.0,25.0,71.0
1018,5,10.8,0.0,3.3,98.0,91.0,0.036000000000000004,32.0,24.0,1.0
1019,7,9.3,0.0,1.9,14.0,2000.0,0.04,42.0,11.0,73.0
1020,9,12.1,0.0,4.1,35.0,1975.0,0.028,36.0,28.0,94.0
1021,12,13.3,0.0,2.1,42.0,1909.0,0.013,87.0,29.0,82.0
1023,18,17.4,0.0,4.1,30.0,2000.0,0.044,56.0,23.0,303.0
1024,2,17.4,0.0,1.3,44.0,1319.0,0.023,68.0,41.0,39.0
1025,5,5.5,0.0,0.5,78.0,2000.0,0.022,18.0,,7.0
1027,10,21.0,0.0,0.3,57.0,1463.0,0.01,41.0,27.0,99.0
1029,22,12.1,0.0,1.8,38.0,1947.0,0.025,83.0,24.0,133.0
1030,18,26.7,0.0,4.2,32.0,913.0,0.095,86.0,47.0,286.0
1032,3,6.0,0.0,1.6,57.0,1163.0,0.035,62.0,52.0,11.0
1033,7,15.5,0.0,1.1,66.0,1211.0,0.022,55.0,36.0,32.0
1035,14,17.5,0.0,3.5,30.0,807.0,0.059,94.0,85.0,76.0
1036,10,16.2,0.0,2.9,36.0,2000.0,0.033,22.0,10.0,107.0
1038,16,22.8,0.0,4.3,40.0,716.0,0.075,212.0,,135.0
1039,0,14.4,0.0,3.0,75.0,1629.0,0.022,32.0,20.0,67.0
1041,2,12.9,0.0,1.9,71.0,2000.0,0.035,42.0,16.0,22.0
1043,7,10.4,0.0,2.5,44.0,2000.0,0.039,34.0,26.0,81.0
1044,17,22.4,0.0,4.5,39.0,1723.0,0.071,63.0,37.0,261.0
1045,15,28.4,0.0,2.9,31.0,1247.0,0.054000000000000006,44.0,29.0,126.0
1047,1,14.5,0.0,1.7,71.0,1307.0,,,,44.0
1053,23,20.7,0.0,1.7,66.0,464.0,0.029,88.0,54.0,126.0
1054,0,12.8,0.0,1.3,85.0,830.0,0.035,41.0,21.0,87.0
1056,21,15.2,0.0,3.6,64.0,523.0,0.04,81.0,50.0,162.0
1057,22,20.3,0.0,3.4,44.0,1888.0,0.049,50.0,36.0,182.0
1058,10,12.2,0.0,3.5,41.0,1594.0,0.02,131.0,24.0,76.0
1059,22,17.9,1.0,0.8,92.0,377.0,0.015,32.0,24.0,134.0
1061,17,27.4,0.0,2.8,21.0,2000.0,0.058,24.0,12.0,317.0
1062,19,17.8,0.0,4.7,25.0,2000.0,0.048,40.0,16.0,200.0
1063,4,13.5,0.0,1.3,81.0,896.0,0.032,34.0,21.0,16.0
1065,21,18.8,0.0,4.6,69.0,2000.0,0.039,32.0,20.0,189.0
1067,21,21.1,0.0,2.7,55.0,2000.0,0.035,34.0,29.0,256.0
1068,1,13.3,0.0,0.8,29.0,1226.0,,,,34.0
1069,21,22.2,0.0,1.8,63.0,649.0,0.058,86.0,49.0,233.0
1070,13,20.2,0.0,3.6,32.0,2000.0,0.043,20.0,12.0,107.0
1072,11,9.3,0.0,2.3,60.0,1966.0,0.014,32.0,30.0,98.0
1074,16,11.6,0.0,3.2,80.0,628.0,0.029,36.0,33.0,79.0
1075,20,19.2,0.0,2.6,48.0,1999.0,0.056,54.0,31.0,162.0
1076,8,12.9,0.0,2.1,86.0,443.0,0.014,56.0,38.0,48.0
1077,6,11.3,0.0,2.0,51.0,1577.0,0.039,93.0,25.0,27.0
1078,4,18.9,0.0,2.3,60.0,1588.0,0.033,61.0,29.0,14.0
1079,8,14.2,0.0,2.1,75.0,768.0,0.013,51.0,25.0,226.0
1080,1,11.6,0.0,0.6,52.0,1853.0,,,,39.0
1081,13,19.5,0.0,3.7,12.0,2000.0,0.046,21.0,14.0,111.0
1082,23,19.5,0.0,1.8,61.0,1994.0,0.034,36.0,27.0,145.0
1083,14,20.4,0.0,2.0,25.0,755.0,0.063,91.0,81.0,105.0
1084,20,18.5,0.0,5.3,21.0,2000.0,0.049,47.0,16.0,130.0
1085,19,16.7,1.0,0.7,88.0,577.0,0.037000000000000005,82.0,37.0,39.0
1086,3,13.3,0.0,0.6,72.0,1879.0,0.006,36.0,19.0,22.0
1087,12,23.1,0.0,1.5,34.0,1352.0,0.052000000000000005,78.0,41.0,134.0
1088,19,14.8,0.0,3.7,82.0,892.0,0.051,46.0,30.0,136.0
1090,23,21.9,0.0,2.0,49.0,2000.0,0.008,34.0,23.0,150.0
1094,12,17.9,1.0,2.0,51.0,1997.0,0.006999999999999999,73.0,40.0,2.0
1095,14,21.9,0.0,2.3,45.0,925.0,0.049,72.0,36.0,181.0
1100,5,9.2,0.0,1.8,53.0,2000.0,0.036000000000000004,31.0,18.0,8.0
1101,18,20.8,0.0,3.9,48.0,1966.0,0.045,41.0,21.0,327.0
1103,20,17.1,0.0,2.4,61.0,2000.0,0.036000000000000004,23.0,11.0,210.0
1104,22,19.9,0.0,0.8,42.0,1973.0,0.022,62.0,35.0,148.0
1105,12,19.1,0.0,3.9,24.0,1890.0,0.058,48.0,22.0,105.0
1106,8,16.6,0.0,0.9,63.0,697.0,0.03,33.0,24.0,208.0
1108,22,14.2,0.0,3.2,44.0,2000.0,0.043,23.0,18.0,84.0
1110,5,15.5,0.0,0.7,86.0,371.0,0.047,61.0,37.0,15.0
1113,1,7.1,0.0,1.8,56.0,956.0,,,,13.0
1115,17,23.5,0.0,2.8,38.0,1893.0,0.067,56.0,30.0,257.0
1119,13,24.7,0.0,3.4,35.0,1492.0,0.063,54.0,32.0,104.0
1120,15,26.7,0.0,5.2,34.0,1968.0,0.079,48.0,23.0,275.0
1121,12,19.1,0.0,1.7,59.0,842.0,0.016,68.0,26.0,115.0
1123,4,10.5,0.0,1.2,74.0,739.0,0.03,70.0,32.0,9.0
1125,11,12.5,0.0,1.6,44.0,1725.0,0.011,91.0,30.0,64.0
1126,6,14.8,0.0,0.9,51.0,1538.0,0.025,51.0,26.0,15.0
1128,20,20.1,0.0,4.2,22.0,1988.0,0.058,38.0,20.0,196.0
1129,9,17.1,0.0,1.6,50.0,1416.0,0.006999999999999999,64.0,44.0,82.0
1130,7,8.6,0.0,1.0,85.0,490.0,0.004,75.0,38.0,24.0
1131,14,24.4,0.0,3.4,31.0,1972.0,0.061,36.0,22.0,217.0
1132,16,27.5,0.0,3.4,28.0,1984.0,0.062,22.0,14.0,284.0
1136,4,16.5,0.0,0.9,64.0,1014.0,0.049,48.0,36.0,20.0
1137,3,11.3,0.0,2.0,78.0,548.0,0.008,67.0,58.0,17.0
1138,19,19.8,0.0,2.4,65.0,938.0,0.057,57.0,37.0,215.0
1140,16,19.3,0.0,2.7,76.0,538.0,0.045,62.0,41.0,109.0
1141,1,18.7,0.0,2.0,64.0,1737.0,,,,29.0
1142,2,4.9,0.0,1.0,78.0,1947.0,0.026,30.0,27.0,16.0
1144,15,26.8,0.0,3.4,30.0,1980.0,0.065,27.0,18.0,246.0
1145,8,12.5,0.0,1.6,48.0,1521.0,0.033,102.0,30.0,171.0
1146,22,12.2,0.0,2.5,76.0,990.0,0.045,58.0,29.0,93.0
1147,9,19.6,0.0,1.4,54.0,1343.0,0.017,49.0,29.0,79.0
1148,18,18.0,0.0,2.8,29.0,884.0,0.065,,,207.0
1149,22,15.7,0.0,3.3,58.0,2000.0,0.024,37.0,18.0,172.0
1152,17,27.0,0.0,4.7,27.0,2000.0,0.065,,,185.0
1154,13,25.4,0.0,1.7,30.0,974.0,0.045,95.0,47.0,132.0
1156,18,23.7,0.0,6.4,49.0,1967.0,0.048,38.0,20.0,304.0
1157,0,9.0,0.0,2.6,52.0,2000.0,0.034,57.0,21.0,44.0
1158,21,14.7,0.0,3.1,37.0,1984.0,0.054000000000000006,53.0,25.0,161.0
1159,18,22.1,0.0,3.0,41.0,1921.0,0.062,54.0,33.0,234.0
1160,12,13.1,0.0,4.6,14.0,1910.0,0.041,58.0,11.0,96.0
1161,10,22.5,0.0,1.4,48.0,1364.0,0.039,47.0,29.0,92.0
1164,11,22.8,0.0,3.0,53.0,1838.0,0.017,34.0,23.0,100.0
1165,18,16.9,0.0,2.4,64.0,570.0,0.05,73.0,57.0,171.0
1167,1,9.5,0.0,0.5,52.0,800.0,,,,26.0
1168,19,18.5,0.0,4.5,27.0,2000.0,0.061,48.0,20.0,191.0
1169,17,9.5,1.0,1.4,68.0,2000.0,0.052000000000000005,40.0,37.0,134.0
1170,11,14.5,0.0,2.2,61.0,772.0,0.016,43.0,41.0,71.0
1175,3,14.2,0.0,2.0,83.0,248.0,0.06,102.0,57.0,15.0
1176,17,20.8,0.0,5.1,22.0,1996.0,0.077,42.0,22.0,292.0
1179,20,16.9,0.0,2.4,55.0,848.0,0.049,81.0,50.0,142.0
1180,2,14.6,0.0,1.4,37.0,1997.0,0.004,48.0,36.0,24.0
1181,8,13.2,0.0,0.5,52.0,2000.0,0.023,35.0,16.0,189.0
1182,21,16.6,0.0,1.7,64.0,2000.0,0.031,30.0,17.0,192.0
1183,4,10.2,0.0,4.2,14.0,2000.0,0.046,57.0,15.0,9.0
1189,22,17.7,0.0,2.4,45.0,2000.0,0.032,39.0,21.0,190.0
1190,15,26.8,0.0,2.6,30.0,990.0,0.067,86.0,46.0,132.0
1192,10,21.8,0.0,1.0,34.0,1092.0,0.016,68.0,39.0,92.0
1193,0,20.3,0.0,2.3,55.0,1731.0,0.017,58.0,31.0,94.0
1194,1,17.7,0.0,1.1,53.0,2000.0,,,,98.0
1195,11,16.8,0.0,3.2,61.0,1129.0,0.046,47.0,25.0,94.0
1196,20,16.5,0.0,,31.0,2000.0,0.058,39.0,18.0,181.0
1197,20,15.0,0.0,2.7,81.0,979.0,0.04,37.0,21.0,109.0
1198,10,20.0,0.0,1.0,32.0,1777.0,0.015,58.0,31.0,95.0
1199,2,13.7,0.0,0.7,71.0,1988.0,0.018000000000000002,34.0,21.0,38.0
1200,8,3.2,0.0,0.4,83.0,728.0,0.004,30.0,,21.0
1201,12,18.0,0.0,3.1,16.0,2000.0,0.042,24.0,17.0,98.0
1202,12,19.7,0.0,2.4,41.0,732.0,0.022,75.0,38.0,121.0
1203,21,13.9,0.0,2.8,66.0,1064.0,0.04,70.0,31.0,127.0
1204,10,21.1,0.0,1.1,66.0,535.0,0.057,64.0,41.0,95.0
1205,2,14.3,0.0,0.4,70.0,1014.0,0.038,58.0,39.0,42.0
1206,13,23.0,0.0,3.4,36.0,2000.0,0.044,49.0,26.0,97.0
1208,14,19.1,0.0,1.7,44.0,1155.0,0.036000000000000004,34.0,,112.0
1209,22,8.6,0.0,1.7,52.0,994.0,0.049,72.0,64.0,60.0
1210,10,22.3,0.0,1.4,54.0,990.0,0.016,35.0,23.0,90.0
1211,3,10.6,0.0,1.9,82.0,1638.0,0.024,33.0,27.0,18.0
1212,20,22.7,0.0,4.7,34.0,1444.0,0.086,74.0,37.0,226.0
1214,1,17.8,1.0,1.0,91.0,323.0,,,,41.0
1216,22,17.2,0.0,2.6,55.0,1851.0,0.047,52.0,33.0,139.0
1217,15,12.3,1.0,2.5,89.0,1631.0,0.04,30.0,18.0,23.0
1218,8,16.6,0.0,3.1,46.0,1341.0,0.005,64.0,44.0,169.0
1219,5,13.4,0.0,0.3,86.0,218.0,0.054000000000000006,107.0,60.0,10.0
1220,0,7.5,0.0,1.2,56.0,962.0,0.031,75.0,64.0,36.0
1221,18,19.5,0.0,3.7,23.0,1245.0,0.069,77.0,63.0,216.0
1222,18,27.7,0.0,2.8,35.0,1712.0,0.08,59.0,36.0,425.0
1224,16,27.8,0.0,1.5,22.0,1644.0,0.083,71.0,35.0,219.0
1225,16,26.1,0.0,3.4,27.0,2000.0,0.057,30.0,20.0,274.0
1226,7,7.6,0.0,0.2,76.0,1677.0,0.01,49.0,22.0,77.0
1228,6,17.4,0.0,1.1,69.0,1698.0,0.009000000000000001,35.0,23.0,31.0
1229,13,25.6,0.0,3.8,32.0,1965.0,0.06,32.0,19.0,167.0
1230,3,12.2,0.0,0.5,48.0,1961.0,0.049,81.0,25.0,15.0
1231,6,10.4,0.0,3.6,12.0,2000.0,0.048,35.0,9.0,23.0
1232,1,19.3,0.0,1.9,78.0,715.0,,,,39.0
1233,5,10.9,0.0,2.5,44.0,1757.0,0.03,91.0,24.0,19.0
1234,2,18.3,0.0,0.9,64.0,1978.0,0.014,31.0,22.0,42.0
1235,20,10.8,1.0,3.0,94.0,152.0,0.03,34.0,33.0,1.0
1239,3,14.3,0.0,1.4,38.0,2000.0,0.004,50.0,35.0,19.0
1240,9,19.3,0.0,1.8,72.0,795.0,0.017,26.0,17.0,135.0
1242,3,17.6,0.0,1.3,69.0,2000.0,0.003,32.0,22.0,34.0
1243,10,17.8,0.0,2.1,47.0,764.0,0.054000000000000006,166.0,41.0,71.0
1244,0,12.2,0.0,2.5,23.0,2000.0,0.036000000000000004,66.0,19.0,46.0
1245,23,10.0,0.0,2.1,86.0,486.0,0.01,41.0,,73.0
1246,0,18.5,0.0,0.6,45.0,1345.0,0.055,62.0,36.0,121.0
1247,6,14.4,0.0,1.5,52.0,2000.0,0.018000000000000002,30.0,21.0,19.0
1249,8,11.9,0.0,2.4,71.0,1339.0,0.038,86.0,20.0,34.0
1252,0,11.0,0.0,0.9,72.0,920.0,0.015,83.0,38.0,64.0
1254,8,11.9,0.0,2.2,71.0,1632.0,0.025,48.0,19.0,41.0
1256,20,14.5,0.0,2.9,54.0,1707.0,0.029,79.0,25.0,150.0
1258,17,19.1,0.0,4.3,31.0,1746.0,0.047,59.0,26.0,129.0
1259,6,12.6,0.0,0.4,78.0,1192.0,0.004,32.0,20.0,28.0
1260,0,15.6,0.0,2.3,62.0,1433.0,0.023,56.0,36.0,93.0
1263,21,12.7,0.0,3.5,37.0,2000.0,0.033,62.0,19.0,152.0
1264,17,18.0,0.0,7.1,38.0,1355.0,0.051,152.0,21.0,106.0
1266,18,14.2,0.0,3.6,33.0,1082.0,0.066,64.0,51.0,113.0
1267,5,13.7,0.0,1.0,48.0,2000.0,0.049,30.0,18.0,11.0
1268,8,11.6,0.0,2.0,37.0,1143.0,0.01,64.0,51.0,35.0
1269,17,25.0,0.0,4.9,37.0,1368.0,0.07,63.0,33.0,229.0
1270,3,10.9,0.0,1.4,74.0,730.0,0.029,71.0,33.0,29.0
1271,13,19.1,0.0,5.2,18.0,1450.0,0.044,165.0,17.0,87.0
1272,18,18.9,0.0,4.4,22.0,2000.0,0.046,41.0,18.0,318.0
1274,18,17.4,0.0,4.8,44.0,1342.0,0.065,74.0,36.0,215.0
1275,12,25.5,0.0,1.5,31.0,2000.0,0.022,31.0,18.0,112.0
1276,9,19.9,0.0,0.9,72.0,522.0,0.053,61.0,37.0,137.0
1279,21,17.9,1.0,0.2,91.0,553.0,0.021,33.0,27.0,86.0
1281,14,26.4,0.0,2.1,28.0,1731.0,0.045,59.0,34.0,149.0
1282,23,22.2,0.0,2.5,69.0,1629.0,0.014,32.0,25.0,138.0
1283,4,13.4,0.0,0.0,74.0,746.0,0.025,64.0,43.0,13.0
1286,6,11.6,0.0,2.0,73.0,636.0,0.03,67.0,40.0,36.0
1287,9,15.1,0.0,1.2,68.0,1269.0,0.022,35.0,17.0,115.0
1289,17,25.7,0.0,5.6,41.0,1949.0,0.065,44.0,26.0,309.0
1290,3,12.9,0.0,2.4,66.0,2000.0,0.036000000000000004,39.0,17.0,14.0
1291,14,19.2,0.0,4.0,16.0,1935.0,0.048,24.0,13.0,149.0
1292,3,18.6,0.0,1.3,79.0,748.0,0.062,47.0,30.0,30.0
1293,2,14.1,0.0,0.3,75.0,990.0,0.032,47.0,24.0,31.0
1294,15,21.9,0.0,5.4,21.0,1907.0,0.062,92.0,19.0,139.0
1296,23,16.5,0.0,3.3,39.0,2000.0,0.037000000000000005,29.0,14.0,122.0
1298,6,5.6,0.0,1.0,80.0,1782.0,0.021,17.0,,9.0
1300,17,26.4,0.0,4.2,30.0,1943.0,0.081,52.0,31.0,173.0
1301,22,17.6,0.0,2.4,36.0,2000.0,0.038,32.0,12.0,176.0
1302,12,25.0,0.0,3.1,31.0,1840.0,0.047,48.0,26.0,136.0
1303,5,9.5,0.0,0.7,76.0,840.0,0.034,49.0,25.0,6.0
1305,4,11.7,0.0,2.2,38.0,1645.0,0.065,70.0,43.0,15.0
1306,1,17.9,0.0,1.3,50.0,1812.0,,,,30.0
1307,0,19.1,0.0,1.4,61.0,2000.0,0.016,28.0,17.0,94.0
1309,12,24.5,0.0,3.1,34.0,1839.0,0.044,43.0,24.0,150.0
1312,8,19.5,0.0,2.0,64.0,901.0,0.04,53.0,39.0,241.0
1313,17,15.2,0.0,5.8,14.0,1956.0,0.044,,,138.0
1316,16,20.3,0.0,4.8,34.0,1328.0,0.057,71.0,29.0,170.0
1317,4,12.8,0.0,1.9,76.0,407.0,0.036000000000000004,68.0,42.0,15.0
1319,16,13.0,0.0,3.7,74.0,1888.0,,34.0,16.0,29.0
1323,20,21.6,0.0,3.7,36.0,1729.0,0.055,84.0,33.0,165.0
1324,16,15.1,0.0,4.2,26.0,1438.0,0.066,59.0,55.0,222.0
1325,18,24.6,0.0,4.4,29.0,2000.0,0.059,29.0,15.0,317.0
1326,2,19.4,0.0,1.1,59.0,2000.0,0.018000000000000002,29.0,22.0,45.0
1328,4,5.5,0.0,0.6,56.0,1146.0,0.038,63.0,53.0,5.0
1329,20,15.5,0.0,2.9,57.0,1232.0,0.045,74.0,29.0,146.0
1331,15,20.8,0.0,5.1,25.0,1937.0,0.073,55.0,22.0,113.0
1332,1,10.9,0.0,2.1,71.0,1057.0,,,,38.0
1335,19,20.2,0.0,3.0,40.0,928.0,0.058,180.0,40.0,187.0
1336,6,11.4,0.0,2.4,84.0,815.0,0.04,58.0,21.0,10.0
1337,16,18.7,0.0,4.9,36.0,1036.0,0.048,197.0,22.0,74.0
1338,4,16.4,0.0,2.8,61.0,1388.0,0.004,81.0,52.0,9.0
1339,22,14.7,0.0,2.3,68.0,452.0,0.047,78.0,50.0,118.0
1340,23,13.5,0.0,2.2,39.0,1924.0,0.038,80.0,20.0,63.0
1342,20,17.3,0.0,3.8,47.0,2000.0,0.052000000000000005,47.0,16.0,155.0
1343,18,27.5,0.0,3.4,34.0,2000.0,0.05,,,402.0
1345,9,9.8,0.0,2.2,17.0,2000.0,0.019,43.0,10.0,105.0
1346,22,20.2,0.0,2.7,58.0,2000.0,0.038,35.0,28.0,214.0
1347,7,10.5,0.0,2.9,99.0,107.0,0.029,29.0,26.0,15.0
1348,20,25.0,0.0,3.2,50.0,2000.0,0.041,35.0,25.0,239.0
1349,5,9.9,0.0,1.1,82.0,412.0,0.023,55.0,49.0,11.0
1350,16,27.7,0.0,1.3,27.0,764.0,0.065,94.0,47.0,127.0
1352,15,21.3,0.0,2.2,44.0,1867.0,0.052000000000000005,41.0,24.0,165.0
1353,13,23.6,0.0,3.4,36.0,1970.0,0.042,33.0,21.0,221.0
1355,22,18.5,0.0,2.9,48.0,2000.0,0.029,26.0,18.0,206.0
1357,18,18.2,0.0,3.8,39.0,2000.0,0.051,23.0,18.0,211.0
1358,6,9.5,0.0,0.8,73.0,673.0,0.035,65.0,38.0,15.0
1359,10,14.8,0.0,1.9,37.0,1688.0,0.018000000000000002,48.0,25.0,72.0
1360,13,24.5,0.0,3.5,38.0,773.0,,,,161.0
1361,21,12.8,0.0,2.8,34.0,1045.0,0.046,77.0,66.0,149.0
1362,15,21.3,0.0,3.8,21.0,875.0,0.077,92.0,83.0,111.0
1364,23,13.1,0.0,3.0,84.0,990.0,0.036000000000000004,39.0,19.0,87.0
1366,7,13.4,0.0,1.3,80.0,912.0,0.028,36.0,15.0,98.0
1367,2,12.3,0.0,4.0,85.0,658.0,0.04,52.0,20.0,35.0
1368,18,19.8,0.0,3.0,66.0,805.0,0.063,67.0,42.0,266.0
1370,13,18.7,0.0,3.2,35.0,1631.0,0.047,50.0,32.0,91.0
1371,15,18.7,0.0,6.4,25.0,1157.0,0.045,158.0,15.0,74.0
1372,11,12.3,0.0,4.5,13.0,2000.0,0.036000000000000004,48.0,13.0,82.0
1374,10,11.1,0.0,3.9,18.0,1963.0,0.027000000000000003,55.0,12.0,77.0
1376,8,6.3,0.0,1.9,76.0,1344.0,0.013,61.0,24.0,192.0
1378,21,19.9,0.0,2.0,33.0,2000.0,0.049,36.0,22.0,215.0
1382,15,12.0,0.0,1.9,76.0,1216.0,0.034,23.0,,63.0
1383,17,12.9,1.0,3.3,82.0,1076.0,0.047,46.0,32.0,45.0
1385,3,14.9,0.0,0.7,47.0,2000.0,0.01,40.0,26.0,30.0
1386,0,16.1,0.0,1.8,45.0,2000.0,0.016,33.0,22.0,95.0
1387,20,14.0,0.0,4.9,65.0,690.0,0.061,81.0,47.0,109.0
1388,11,15.1,0.0,1.6,27.0,989.0,0.018000000000000002,73.0,62.0,56.0
1389,7,13.7,0.0,0.2,80.0,1355.0,0.026,31.0,22.0,23.0
1391,0,13.5,0.0,3.8,46.0,2000.0,0.042,26.0,20.0,48.0
1392,16,25.5,0.0,4.3,36.0,1849.0,0.08,48.0,27.0,143.0
1394,6,19.4,0.0,2.3,65.0,613.0,0.056,80.0,48.0,33.0
1396,9,17.0,0.0,1.8,60.0,1929.0,0.029,28.0,16.0,87.0
1397,7,14.8,0.0,1.3,87.0,397.0,0.055,51.0,34.0,26.0
1398,6,16.1,0.0,0.2,75.0,1351.0,0.037000000000000005,27.0,23.0,34.0
1402,16,27.2,0.0,4.3,31.0,1281.0,0.08800000000000001,,,246.0
1403,23,14.0,0.0,1.6,33.0,881.0,0.059,86.0,77.0,91.0
1405,8,5.4,0.0,1.9,78.0,1993.0,0.01,18.0,18.0,38.0
1406,23,16.3,0.0,1.8,60.0,1703.0,0.042,54.0,31.0,119.0
1410,7,3.1,0.0,0.4,83.0,839.0,0.005,34.0,31.0,14.0
1411,17,19.6,0.0,3.4,44.0,844.0,0.066,74.0,43.0,166.0
1412,7,9.0,0.0,1.1,79.0,817.0,0.027000000000000003,50.0,23.0,90.0
1414,0,18.4,0.0,2.3,44.0,2000.0,0.037000000000000005,26.0,21.0,128.0
1415,20,10.7,0.0,3.8,38.0,1246.0,0.064,72.0,60.0,87.0
1417,4,4.2,0.0,1.1,77.0,1258.0,0.024,24.0,,16.0
1419,4,11.0,0.0,0.9,84.0,532.0,0.052000000000000005,60.0,33.0,22.0
1420,0,,,,,,,,,39.0
1421,10,11.2,0.0,1.5,58.0,1275.0,0.019,66.0,24.0,70.0
1422,3,15.2,0.0,0.7,44.0,2000.0,0.041,20.0,17.0,35.0
1426,12,9.9,0.0,2.0,57.0,1933.0,0.03,19.0,,78.0
1427,14,25.0,0.0,3.1,44.0,1989.0,0.053,27.0,17.0,161.0
1428,9,11.8,0.0,2.0,80.0,584.0,0.017,43.0,33.0,113.0
1429,16,14.8,0.0,3.8,29.0,2000.0,0.054000000000000006,31.0,27.0,172.0
1430,16,21.8,0.0,2.3,38.0,1992.0,0.05,41.0,21.0,142.0
1431,4,13.8,0.0,0.2,86.0,230.0,0.057,103.0,58.0,11.0
1432,7,15.3,0.0,1.1,54.0,1326.0,0.025,117.0,30.0,24.0
1435,4,15.3,0.0,0.4,78.0,1196.0,0.035,22.0,18.0,2.0
1437,16,19.4,0.0,3.4,50.0,737.0,0.049,55.0,45.0,250.0
1438,21,23.8,0.0,3.0,62.0,1906.0,0.018000000000000002,37.0,24.0,205.0
1439,17,23.0,0.0,2.2,11.0,2000.0,0.052000000000000005,19.0,14.0,214.0
1440,10,11.5,0.0,2.7,75.0,657.0,0.011,37.0,,66.0
1441,14,26.6,0.0,4.1,31.0,1976.0,0.076,43.0,25.0,225.0
1443,18,16.8,0.0,3.6,49.0,1730.0,0.05,71.0,25.0,273.0
1446,19,25.9,0.0,3.1,41.0,2000.0,0.053,29.0,21.0,310.0
1447,8,17.4,0.0,0.8,80.0,758.0,0.014,25.0,20.0,236.0
1448,7,9.0,0.0,2.6,90.0,253.0,0.031,31.0,,70.0
1449,4,15.8,0.0,2.3,84.0,387.0,0.047,68.0,36.0,23.0
1450,9,18.3,0.0,0.7,49.0,1926.0,0.022,44.0,24.0,64.0
1451,17,29.8,0.0,3.9,12.0,2000.0,0.058,40.0,11.0,215.0
1453,1,15.1,0.0,1.6,79.0,338.0,,,,46.0
1454,2,19.0,0.0,2.2,78.0,759.0,0.06,50.0,33.0,20.0
1456,14,25.6,0.0,3.9,41.0,1598.0,0.061,40.0,27.0,226.0
1457,11,16.9,0.0,1.8,35.0,1283.0,0.05,61.0,32.0,113.0
1458,11,24.4,0.0,1.9,41.0,1362.0,0.035,48.0,27.0,90.0
1459,19,24.8,0.0,2.9,32.0,1937.0,0.075,52.0,32.0,244.0
1460,15,20.0,0.0,4.9,35.0,2000.0,0.052000000000000005,68.0,13.0,311.0
1461,22,19.4,0.0,2.4,39.0,1757.0,0.029,65.0,29.0,194.0
1463,6,7.1,0.0,1.0,68.0,2000.0,0.029,55.0,13.0,22.0
1464,9,17.4,0.0,0.3,39.0,1457.0,0.009000000000000001,53.0,27.0,72.0
1465,8,13.3,0.0,3.3,65.0,1814.0,0.015,44.0,10.0,221.0
1466,7,12.3,0.0,0.1,78.0,1126.0,0.003,34.0,24.0,101.0
1468,5,16.4,0.0,1.0,74.0,1481.0,0.042,25.0,19.0,17.0
1469,1,13.1,0.0,2.5,46.0,2000.0,,,,17.0
1470,0,12.9,0.0,1.3,43.0,1844.0,0.037000000000000005,85.0,19.0,72.0
1471,5,14.3,0.0,1.0,79.0,1593.0,0.035,30.0,18.0,16.0
1473,22,18.6,0.0,1.0,70.0,834.0,0.038,58.0,37.0,155.0
1474,19,18.7,0.0,4.7,37.0,1676.0,0.06,65.0,37.0,202.0
1476,13,26.1,0.0,3.7,29.0,1890.0,0.067,38.0,21.0,173.0
1477,0,5.9,0.0,2.0,74.0,2000.0,0.042,25.0,25.0,40.0
1478,7,12.9,0.0,2.7,42.0,2000.0,0.035,19.0,10.0,103.0
1479,15,18.6,0.0,2.8,54.0,619.0,0.038,54.0,43.0,238.0
1480,13,25.5,0.0,3.7,32.0,1841.0,0.057,37.0,22.0,143.0
1481,11,14.7,0.0,3.6,76.0,447.0,0.017,84.0,70.0,86.0
1482,11,17.8,0.0,0.9,39.0,1628.0,0.006,77.0,40.0,10.0
1483,11,23.5,0.0,3.0,33.0,1801.0,0.03,50.0,32.0,108.0
1484,13,16.6,0.0,3.7,60.0,1328.0,0.043,36.0,25.0,12.0
1485,2,17.9,1.0,0.1,91.0,383.0,0.004,29.0,26.0,22.0
1486,22,18.2,0.0,2.2,30.0,1782.0,0.054000000000000006,46.0,25.0,144.0
1487,21,14.7,0.0,1.6,31.0,1175.0,0.052000000000000005,77.0,68.0,138.0
1488,6,15.4,0.0,0.7,69.0,857.0,0.041,46.0,32.0,23.0
1489,22,21.3,0.0,1.2,71.0,471.0,0.048,82.0,47.0,186.0
1490,22,18.8,0.0,3.0,32.0,2000.0,0.044,28.0,17.0,224.0
1491,15,15.0,0.0,5.0,29.0,1418.0,0.06,56.0,49.0,284.0
1492,14,21.4,0.0,5.7,23.0,1825.0,0.058,102.0,18.0,136.0
1494,11,13.7,0.0,3.8,36.0,1789.0,0.034,100.0,24.0,73.0
1495,5,6.8,0.0,1.1,81.0,1450.0,0.031,55.0,21.0,8.0
1496,10,8.7,0.0,0.6,61.0,1949.0,0.018000000000000002,21.0,20.0,61.0
1497,16,23.6,0.0,4.4,51.0,1991.0,0.034,34.0,22.0,109.0
1498,21,25.6,0.0,2.7,11.0,2000.0,0.038,18.0,11.0,278.0
1499,22,15.0,0.0,2.5,56.0,2000.0,0.048,44.0,16.0,121.0
1500,22,20.8,0.0,2.1,57.0,2000.0,0.013,32.0,19.0,219.0
1502,2,13.6,0.0,2.2,70.0,491.0,0.039,69.0,39.0,21.0
1506,6,11.1,0.0,1.7,75.0,1105.0,0.035,78.0,20.0,14.0
1507,22,10.1,0.0,3.1,20.0,2000.0,0.036000000000000004,58.0,14.0,112.0
1508,19,13.3,0.0,2.0,71.0,1403.0,0.055,48.0,24.0,107.0
1509,12,18.7,0.0,4.6,34.0,1812.0,0.045,51.0,22.0,125.0
1510,19,22.2,0.0,4.2,29.0,2000.0,0.046,38.0,12.0,241.0
1515,18,23.2,0.0,1.3,35.0,1954.0,0.061,52.0,34.0,247.0
1516,8,15.8,0.0,1.4,57.0,1077.0,0.031,47.0,29.0,202.0
1517,8,10.1,0.0,2.0,70.0,788.0,0.016,61.0,29.0,47.0
1518,18,25.6,0.0,3.0,41.0,1213.0,0.092,85.0,47.0,253.0
1519,12,25.0,0.0,1.8,27.0,2000.0,0.049,25.0,14.0,153.0
1520,8,15.6,0.0,2.2,53.0,1036.0,0.028,126.0,32.0,29.0
1521,2,11.0,0.0,0.4,42.0,1926.0,0.037000000000000005,27.0,19.0,23.0
1522,0,9.6,0.0,3.2,66.0,1957.0,0.034,51.0,14.0,50.0
1523,15,15.9,0.0,4.3,15.0,2000.0,0.048,55.0,11.0,105.0
1524,9,9.1,0.0,1.3,88.0,224.0,0.015,77.0,67.0,49.0
1525,23,19.2,0.0,3.0,29.0,2000.0,0.045,59.0,26.0,163.0
1526,11,22.7,0.0,4.7,41.0,1781.0,0.048,38.0,21.0,85.0
1527,20,15.9,0.0,3.5,43.0,2000.0,0.045,21.0,17.0,128.0
1529,5,11.1,0.0,0.9,38.0,1718.0,0.064,63.0,38.0,9.0
1530,10,14.4,0.0,2.1,49.0,1581.0,0.025,49.0,25.0,82.0
1531,10,12.7,0.0,0.9,52.0,1566.0,0.021,53.0,25.0,64.0
1532,7,11.4,0.0,0.8,35.0,1100.0,0.022,64.0,55.0,31.0
1535,4,13.4,0.0,1.4,79.0,815.0,0.027000000000000003,47.0,22.0,9.0
1538,3,12.8,0.0,2.0,38.0,802.0,0.016,94.0,82.0,15.0
1540,1,11.5,0.0,1.2,73.0,774.0,,,,79.0
1541,3,16.3,0.0,2.4,59.0,792.0,0.018000000000000002,111.0,65.0,25.0
1542,17,19.6,0.0,5.0,22.0,2000.0,0.047,41.0,16.0,181.0
1543,13,26.2,0.0,2.6,38.0,1610.0,0.025,41.0,26.0,91.0
1544,2,17.4,0.0,0.5,50.0,1779.0,0.004,74.0,45.0,33.0
1545,4,13.5,0.0,0.9,52.0,2000.0,0.051,32.0,20.0,11.0
1546,7,18.5,0.0,1.2,77.0,629.0,0.055,48.0,32.0,117.0
1547,17,19.8,0.0,2.9,68.0,636.0,0.05,63.0,39.0,138.0
1548,19,25.1,0.0,4.7,55.0,1222.0,0.083,60.0,38.0,293.0
1549,6,15.6,0.0,1.1,63.0,1211.0,0.023,45.0,31.0,30.0
1551,0,19.7,0.0,3.4,76.0,749.0,0.065,48.0,31.0,100.0
1553,18,,,,,,,,,1.0
1557,23,9.5,0.0,2.9,37.0,2000.0,0.036000000000000004,56.0,15.0,58.0
1558,7,7.0,0.0,1.1,75.0,1981.0,0.023,57.0,14.0,88.0
1560,5,12.8,0.0,0.3,74.0,1333.0,0.006,36.0,20.0,14.0
1561,6,14.0,0.0,0.7,51.0,2000.0,0.013,42.0,26.0,33.0
1562,14,14.1,1.0,3.2,50.0,1645.0,0.045,46.0,39.0,2.0
1564,13,21.2,0.0,4.2,26.0,1542.0,0.056,129.0,27.0,108.0
1565,5,14.9,0.0,1.0,63.0,633.0,0.077,81.0,47.0,15.0
1570,13,20.5,0.0,2.8,22.0,1959.0,0.064,51.0,26.0,214.0
1573,12,17.4,0.0,2.8,74.0,1167.0,0.035,36.0,25.0,61.0
1575,16,29.4,0.0,2.2,24.0,1703.0,0.062,43.0,28.0,130.0
1576,13,26.0,0.0,3.3,40.0,1766.0,0.053,38.0,23.0,173.0
1578,0,18.3,0.0,2.6,47.0,2000.0,0.033,49.0,32.0,107.0
1579,23,13.3,0.0,1.4,76.0,780.0,0.012,51.0,43.0,96.0
1580,6,7.9,0.0,0.3,75.0,1472.0,0.036000000000000004,43.0,17.0,21.0
1581,11,9.6,0.0,3.3,99.0,269.0,0.024,22.0,,37.0
1582,8,6.7,0.0,2.1,58.0,801.0,0.004,81.0,67.0,181.0
1584,9,11.4,0.0,0.7,59.0,1297.0,0.021,45.0,25.0,119.0
1588,9,9.8,0.0,0.3,83.0,471.0,0.021,36.0,,86.0
1589,11,17.6,0.0,2.3,30.0,1064.0,0.032,43.0,20.0,88.0
1590,6,18.2,0.0,0.4,80.0,661.0,0.059,48.0,30.0,46.0
1591,18,14.0,0.0,3.7,14.0,1992.0,0.045,,,221.0
1592,13,26.7,0.0,2.8,34.0,1687.0,0.052000000000000005,53.0,31.0,91.0
1593,9,13.0,0.0,2.6,65.0,582.0,0.012,71.0,36.0,79.0
1594,9,16.0,0.0,0.5,54.0,1192.0,0.012,127.0,33.0,53.0
1595,23,18.8,0.0,1.3,46.0,2000.0,0.044,40.0,27.0,153.0
1597,13,23.2,0.0,3.7,45.0,527.0,0.069,225.0,61.0,91.0
1598,6,13.1,0.0,0.7,84.0,236.0,0.041,112.0,66.0,19.0
1599,11,16.3,0.0,3.5,20.0,2000.0,0.036000000000000004,31.0,21.0,76.0
1600,22,13.6,0.0,3.1,84.0,1038.0,0.033,42.0,21.0,112.0
1601,11,22.7,0.0,2.9,38.0,1967.0,0.043,26.0,20.0,111.0
1603,4,16.6,0.0,2.8,48.0,1070.0,0.013,151.0,39.0,16.0
1606,17,17.2,0.0,4.0,32.0,1567.0,0.037000000000000005,67.0,27.0,126.0
1607,21,13.0,0.0,2.7,76.0,528.0,0.015,60.0,50.0,135.0
1608,12,14.7,0.0,2.3,65.0,399.0,0.017,69.0,59.0,101.0
1609,1,18.2,0.0,1.7,51.0,1871.0,,,,53.0
1612,6,16.0,0.0,1.3,56.0,1675.0,0.005,65.0,50.0,37.0
1613,3,16.5,0.0,0.8,59.0,2000.0,0.026,40.0,26.0,28.0
1614,3,11.9,0.0,2.1,58.0,1716.0,0.038,75.0,19.0,22.0
1615,9,17.1,0.0,3.4,76.0,451.0,0.03,65.0,39.0,74.0
1619,19,18.9,0.0,5.0,40.0,2000.0,0.053,49.0,12.0,214.0
1620,17,25.8,0.0,3.2,27.0,1997.0,0.054000000000000006,28.0,16.0,316.0
1621,23,14.0,0.0,1.4,47.0,2000.0,0.046,45.0,23.0,114.0
1624,0,12.2,0.0,1.2,50.0,1707.0,0.033,58.0,29.0,62.0
1625,23,19.4,0.0,0.3,42.0,1368.0,0.07,53.0,31.0,120.0
1626,3,12.2,0.0,2.9,41.0,2000.0,0.042,34.0,27.0,17.0
1627,9,16.6,0.0,2.7,44.0,1134.0,0.029,89.0,50.0,108.0
1629,19,21.6,0.0,3.4,36.0,2000.0,0.038,33.0,14.0,315.0
1630,8,15.5,0.0,1.0,83.0,335.0,0.035,51.0,32.0,61.0
1635,3,10.5,0.0,2.4,73.0,990.0,0.042,46.0,25.0,26.0
1638,15,17.9,0.0,3.2,33.0,1890.0,0.05,69.0,23.0,125.0
1639,12,15.3,0.0,3.5,27.0,1900.0,0.041,67.0,21.0,129.0
1640,5,13.4,0.0,0.9,81.0,1009.0,0.033,34.0,16.0,11.0
1641,23,9.9,0.0,3.3,69.0,1974.0,0.037000000000000005,45.0,17.0,70.0
1642,5,17.4,0.0,0.9,91.0,390.0,0.02,30.0,24.0,17.0
1645,12,17.0,0.0,4.2,24.0,1987.0,0.036000000000000004,,,146.0
1647,14,20.4,0.0,3.6,12.0,2000.0,0.047,23.0,13.0,108.0
1649,15,18.5,0.0,4.1,24.0,849.0,0.064,92.0,83.0,78.0
1650,4,16.1,0.0,0.6,60.0,2000.0,0.028,39.0,28.0,27.0
1652,16,17.7,0.0,2.3,32.0,1949.0,0.037000000000000005,64.0,22.0,118.0
1653,6,10.7,0.0,2.5,99.0,78.0,0.034,32.0,28.0,5.0
1654,22,12.8,0.0,2.7,69.0,935.0,0.039,69.0,31.0,123.0
1655,4,14.6,0.0,0.6,49.0,2000.0,0.014,41.0,27.0,19.0
1657,20,21.8,0.0,4.4,40.0,2000.0,0.048,35.0,19.0,188.0
1660,22,18.3,0.0,1.0,37.0,970.0,0.032,169.0,38.0,172.0
1661,1,11.5,0.0,2.4,82.0,727.0,,,,63.0
1662,7,13.2,0.0,0.6,85.0,431.0,0.023,50.0,39.0,17.0
1663,8,8.9,0.0,0.9,77.0,613.0,0.005,82.0,40.0,35.0
1664,19,27.2,0.0,4.1,44.0,2000.0,0.067,47.0,32.0,331.0
1667,6,13.2,0.0,1.1,48.0,1897.0,0.008,47.0,35.0,23.0
1668,14,21.1,0.0,3.5,22.0,1855.0,0.068,46.0,22.0,127.0
1669,12,18.9,0.0,2.0,30.0,1600.0,0.054000000000000006,58.0,29.0,148.0
1671,14,26.3,0.0,4.3,31.0,1060.0,0.09,,,190.0
1672,13,20.1,0.0,5.0,32.0,1586.0,0.055,52.0,24.0,134.0
1673,4,11.0,1.0,3.4,98.0,137.0,0.04,24.0,24.0,2.0
1675,15,20.9,0.0,4.2,33.0,1598.0,0.056,65.0,29.0,143.0
1676,4,8.0,0.0,0.5,66.0,1993.0,0.031,84.0,22.0,11.0
1677,2,9.7,0.0,2.6,86.0,448.0,0.005,51.0,51.0,20.0
1678,18,21.7,0.0,3.4,60.0,1920.0,0.025,37.0,21.0,24.0
1681,10,20.9,0.0,2.1,35.0,1944.0,0.031,28.0,19.0,84.0
1682,22,11.8,0.0,2.5,53.0,2000.0,0.038,44.0,21.0,147.0
1684,19,23.7,0.0,4.1,29.0,2000.0,0.062,28.0,17.0,282.0
1685,22,12.8,0.0,1.3,72.0,2000.0,0.033,31.0,24.0,133.0
1687,18,17.8,0.0,6.5,36.0,1353.0,0.054000000000000006,122.0,19.0,101.0
1688,19,22.5,0.0,4.1,54.0,2000.0,0.044,34.0,22.0,228.0
1689,1,13.8,0.0,1.6,78.0,1351.0,,,,36.0
1690,16,19.9,0.0,4.8,15.0,1948.0,0.051,37.0,14.0,151.0
1692,2,11.3,0.0,1.6,71.0,791.0,0.027000000000000003,74.0,34.0,66.0
1694,23,13.2,0.0,4.6,22.0,2000.0,0.038,68.0,17.0,71.0
1695,20,23.2,0.0,2.5,55.0,692.0,0.059,84.0,48.0,199.0
1698,0,13.6,0.0,1.5,29.0,1154.0,0.055,76.0,66.0,47.0
1699,19,19.4,0.0,3.1,55.0,649.0,0.03,70.0,58.0,213.0
1700,22,17.7,0.0,2.5,66.0,577.0,0.07,92.0,51.0,159.0
1701,18,18.8,0.0,2.5,52.0,773.0,0.054000000000000006,75.0,45.0,279.0
1702,13,27.1,0.0,2.3,48.0,761.0,0.064,75.0,47.0,86.0
1704,5,11.9,0.0,2.1,90.0,228.0,0.005,72.0,60.0,10.0
1705,2,19.4,0.0,1.8,78.0,634.0,0.051,59.0,34.0,33.0
1707,22,11.7,0.0,1.6,41.0,910.0,0.037000000000000005,79.0,68.0,114.0
1708,16,22.8,0.0,1.1,37.0,1296.0,0.039,36.0,30.0,150.0
1711,23,13.9,0.0,3.3,43.0,2000.0,0.042,23.0,19.0,57.0
1714,18,23.1,0.0,2.6,31.0,2000.0,0.039,29.0,15.0,402.0
1715,11,18.3,0.0,2.7,33.0,2000.0,0.029,25.0,13.0,133.0
1716,13,18.3,0.0,4.4,46.0,1996.0,0.053,14.0,15.0,184.0
1717,12,21.4,0.0,,44.0,1375.0,0.044,61.0,37.0,116.0
1720,15,13.2,1.0,5.0,86.0,1087.0,0.047,22.0,17.0,14.0
1721,19,16.0,0.0,3.7,28.0,2000.0,0.038,43.0,18.0,190.0
1725,0,16.3,0.0,4.5,78.0,499.0,0.044,84.0,30.0,71.0
1726,1,16.1,0.0,1.5,68.0,1866.0,,,,67.0
1727,16,19.3,0.0,4.3,65.0,1270.0,0.049,50.0,25.0,122.0
1729,22,14.7,0.0,2.4,50.0,2000.0,0.05,46.0,24.0,173.0
1731,16,22.5,0.0,5.6,23.0,1948.0,0.062,92.0,19.0,151.0
1733,23,19.5,0.0,2.7,47.0,1753.0,0.04,53.0,35.0,134.0
1734,22,21.9,0.0,3.1,65.0,1070.0,0.059,64.0,37.0,216.0
1735,8,4.5,0.0,0.1,73.0,510.0,0.023,84.0,81.0,146.0
1736,4,14.7,0.0,0.4,76.0,1704.0,0.035,34.0,20.0,31.0
1738,18,11.2,0.0,3.3,90.0,404.0,0.033,33.0,28.0,206.0
1739,2,17.1,0.0,0.8,53.0,956.0,0.026,108.0,65.0,28.0
1740,14,27.9,0.0,3.8,27.0,1836.0,0.065,51.0,30.0,115.0
1741,19,22.3,0.0,1.1,36.0,2000.0,0.056,54.0,28.0,213.0
1742,1,18.7,0.0,1.1,63.0,2000.0,,,,49.0
1743,8,15.3,0.0,1.5,68.0,272.0,0.026,142.0,89.0,163.0
1744,1,17.3,0.0,1.3,39.0,1050.0,,,,84.0
1746,12,25.2,0.0,1.7,30.0,1665.0,0.028,60.0,36.0,117.0
1749,17,19.6,0.0,4.0,37.0,2000.0,0.054000000000000006,22.0,20.0,247.0
1750,6,4.9,0.0,1.5,67.0,746.0,0.04,67.0,63.0,24.0
1751,23,20.4,0.0,2.7,73.0,868.0,0.069,55.0,37.0,124.0
1752,10,14.0,0.0,3.6,29.0,2000.0,0.033,38.0,25.0,76.0
1753,19,17.7,0.0,4.1,25.0,1301.0,0.07,67.0,58.0,143.0
1754,13,15.8,0.0,6.3,27.0,2000.0,0.044,,,106.0
1756,19,24.6,0.0,1.6,49.0,740.0,0.07,80.0,46.0,193.0
1757,1,11.2,0.0,1.2,78.0,1982.0,,,,37.0
1758,19,15.2,0.0,3.7,70.0,588.0,0.031,65.0,51.0,124.0
1760,16,19.0,0.0,3.0,22.0,1990.0,0.05,55.0,22.0,118.0
1762,1,15.6,0.0,0.6,46.0,2000.0,,,,70.0
1763,9,19.7,0.0,2.7,71.0,718.0,0.052000000000000005,60.0,38.0,107.0
1767,11,20.1,0.0,2.6,49.0,1273.0,0.023,51.0,33.0,87.0
1769,4,12.6,0.0,1.0,65.0,2000.0,0.041,32.0,12.0,7.0
1772,14,21.4,0.0,2.0,43.0,1722.0,0.045,39.0,22.0,132.0
1773,5,9.0,0.0,1.9,90.0,260.0,0.027000000000000003,46.0,,9.0
1775,16,22.3,0.0,3.6,11.0,2000.0,0.05,17.0,13.0,149.0
1776,14,27.2,0.0,4.7,26.0,1866.0,0.068,47.0,27.0,107.0
1777,6,10.5,0.0,1.1,42.0,1825.0,0.059,60.0,38.0,20.0
1778,4,14.9,0.0,0.4,46.0,2000.0,0.028,22.0,16.0,24.0
1779,13,18.6,0.0,6.0,43.0,1980.0,0.046,58.0,16.0,188.0
1780,20,22.4,0.0,3.5,32.0,2000.0,0.051,33.0,18.0,274.0
1781,12,16.9,0.0,1.2,29.0,826.0,0.019,83.0,69.0,96.0
1782,6,9.0,0.0,2.1,90.0,245.0,0.031,37.0,,20.0
1783,14,19.5,0.0,4.2,38.0,2000.0,0.053,18.0,14.0,224.0
1784,12,16.6,0.0,1.9,44.0,1579.0,0.034,48.0,21.0,105.0
1786,23,14.3,0.0,2.6,60.0,2000.0,0.044,44.0,15.0,102.0
1787,21,19.4,0.0,2.3,39.0,2000.0,0.035,47.0,15.0,229.0
1789,1,14.1,0.0,1.5,62.0,863.0,,,,44.0
1790,5,11.5,0.0,2.3,71.0,1315.0,0.037000000000000005,75.0,19.0,12.0
1791,21,22.0,0.0,3.9,66.0,984.0,0.076,64.0,39.0,237.0
1793,21,21.2,0.0,3.3,52.0,2000.0,0.032,30.0,21.0,249.0
1795,11,23.8,0.0,1.8,34.0,2000.0,0.019,32.0,20.0,108.0
1796,13,15.7,0.0,3.3,37.0,526.0,0.047,105.0,90.0,75.0
1800,20,11.3,0.0,3.6,16.0,2000.0,0.041,65.0,15.0,84.0
1801,22,16.2,0.0,2.4,65.0,1994.0,0.025,29.0,15.0,171.0
1803,15,25.8,0.0,3.2,26.0,1986.0,0.059,29.0,19.0,256.0
1804,20,23.2,0.0,2.3,37.0,1952.0,0.07,53.0,31.0,213.0
1805,16,26.9,0.0,3.7,33.0,1997.0,0.053,18.0,14.0,151.0
1807,14,19.2,0.0,5.6,16.0,1424.0,0.045,153.0,17.0,106.0
1809,2,17.1,0.0,1.7,57.0,2000.0,0.02,46.0,29.0,70.0
1811,7,8.3,0.0,1.6,55.0,2000.0,0.005,32.0,21.0,82.0
1812,12,18.1,0.0,3.5,17.0,1996.0,0.046,34.0,17.0,137.0
1813,7,13.0,0.0,0.8,46.0,1870.0,0.006999999999999999,47.0,33.0,72.0
1814,17,22.8,0.0,3.2,58.0,1940.0,0.031,33.0,22.0,85.0
1815,4,18.0,0.0,1.7,66.0,1998.0,0.011,30.0,23.0,11.0
1816,7,10.1,0.0,0.8,84.0,757.0,0.019,40.0,33.0,100.0
1817,23,7.3,0.0,3.3,66.0,2000.0,0.041,27.0,23.0,53.0
1821,16,27.7,0.0,2.3,39.0,888.0,0.061,63.0,38.0,142.0
1823,12,19.5,0.0,2.1,32.0,2000.0,0.036000000000000004,23.0,12.0,135.0
1824,6,13.4,0.0,1.6,80.0,1088.0,0.031,33.0,20.0,35.0
1825,18,20.7,0.0,3.1,56.0,1804.0,0.05,47.0,26.0,297.0
1828,17,23.5,0.0,4.1,17.0,2000.0,0.066,39.0,21.0,300.0
1829,16,23.0,0.0,2.9,26.0,2000.0,,22.0,8.0,182.0
1830,11,16.7,0.0,3.9,39.0,1563.0,0.031,45.0,25.0,95.0
1831,2,16.4,0.0,1.4,79.0,505.0,0.042,59.0,37.0,56.0
1832,5,15.7,0.0,2.4,56.0,1179.0,0.019,141.0,36.0,8.0
1833,19,24.4,0.0,3.6,39.0,696.0,0.1,93.0,53.0,247.0
1834,14,22.1,0.0,6.0,22.0,1732.0,0.053,66.0,33.0,243.0
1836,3,8.6,0.0,2.0,68.0,1891.0,0.026,85.0,15.0,19.0
1837,2,5.1,0.0,1.3,77.0,2000.0,0.018000000000000002,16.0,,29.0
1838,23,14.1,0.0,3.1,68.0,475.0,0.032,86.0,52.0,88.0
1839,17,29.1,0.0,2.3,24.0,1900.0,0.07,42.0,27.0,213.0
1840,1,12.4,0.0,3.5,84.0,911.0,,,,57.0
1844,15,27.4,0.0,3.7,28.0,1237.0,0.091,,,318.0
1845,21,22.8,0.0,3.3,62.0,1319.0,0.067,58.0,38.0,267.0
1847,0,16.8,0.0,0.6,62.0,2000.0,0.029,35.0,19.0,94.0
1848,17,15.5,0.0,3.8,26.0,1372.0,0.068,50.0,42.0,199.0
1852,18,21.1,0.0,3.3,42.0,832.0,0.064,192.0,,236.0
1853,12,10.2,0.0,2.8,91.0,634.0,0.019,26.0,25.0,60.0
1854,7,11.2,0.0,1.8,52.0,1655.0,0.037000000000000005,95.0,30.0,90.0
1855,2,14.0,0.0,,52.0,2000.0,0.044,37.0,20.0,20.0
1856,8,10.7,0.0,1.3,82.0,731.0,0.012,46.0,36.0,180.0
1859,23,11.4,1.0,1.8,98.0,128.0,0.024,21.0,,1.0
1862,9,8.7,0.0,1.7,63.0,1483.0,0.012,67.0,34.0,92.0
1863,12,23.5,0.0,3.4,48.0,1663.0,0.026,33.0,22.0,151.0
1865,2,16.0,0.0,2.8,55.0,864.0,0.083,87.0,50.0,34.0
1866,9,15.6,0.0,0.8,58.0,963.0,0.01,51.0,30.0,140.0
1867,15,23.5,0.0,2.9,53.0,650.0,0.052000000000000005,75.0,38.0,115.0
1868,14,18.9,0.0,5.0,34.0,1602.0,0.06,60.0,35.0,112.0
1870,4,11.7,0.0,2.4,40.0,2000.0,0.042,33.0,25.0,5.0
1873,15,23.3,0.0,2.7,37.0,963.0,0.069,79.0,47.0,269.0
1874,5,11.2,0.0,2.7,38.0,2000.0,0.043,31.0,27.0,8.0
1876,12,19.5,0.0,1.5,53.0,1684.0,0.03,40.0,17.0,124.0
1877,9,6.4,0.0,0.6,62.0,453.0,0.02,90.0,79.0,87.0
1880,2,11.0,0.0,2.8,42.0,2000.0,0.037000000000000005,32.0,18.0,33.0
1881,9,20.8,0.0,2.2,58.0,1095.0,0.039,53.0,30.0,132.0
1882,2,12.1,1.0,3.3,98.0,328.0,0.034,9.0,8.0,8.0
1883,9,11.2,0.0,1.8,44.0,1901.0,0.022,30.0,18.0,121.0
1884,12,22.8,0.0,2.5,37.0,1961.0,0.036000000000000004,32.0,17.0,165.0
1886,6,3.3,0.0,1.2,83.0,1219.0,0.016,33.0,30.0,7.0
1887,10,21.7,0.0,0.9,47.0,1849.0,0.023,49.0,30.0,97.0
1891,9,18.5,0.0,3.8,58.0,975.0,0.037000000000000005,35.0,27.0,133.0
1892,3,15.4,0.0,1.6,77.0,1104.0,0.036000000000000004,23.0,18.0,14.0
1893,11,19.9,0.0,1.1,51.0,750.0,0.027000000000000003,69.0,43.0,106.0
1894,0,12.5,0.0,1.4,32.0,2000.0,0.038,27.0,19.0,63.0
1895,0,20.7,0.0,1.4,61.0,2000.0,0.018000000000000002,28.0,23.0,86.0
1899,21,19.1,0.0,2.5,66.0,1035.0,0.05,54.0,33.0,175.0
1901,3,9.7,0.0,0.2,76.0,841.0,0.005,79.0,40.0,28.0
1902,10,13.5,0.0,3.5,71.0,838.0,0.022,48.0,35.0,82.0
1903,6,10.9,0.0,3.6,39.0,2000.0,0.045,31.0,25.0,25.0
1904,18,15.1,0.0,2.0,76.0,1992.0,0.053,24.0,19.0,186.0
1906,17,23.5,0.0,4.9,24.0,2000.0,0.051,37.0,11.0,188.0
1907,6,16.1,0.0,2.1,73.0,694.0,0.029,41.0,28.0,37.0
1910,19,18.3,0.0,5.2,24.0,2000.0,0.067,36.0,21.0,226.0
1911,2,14.2,0.0,4.9,33.0,660.0,0.041,252.0,31.0,26.0
1912,17,11.4,0.0,2.3,79.0,1138.0,0.034,32.0,,74.0
1914,13,20.8,0.0,2.2,70.0,570.0,0.045,68.0,40.0,83.0
1915,5,18.2,0.0,0.6,80.0,715.0,0.058,43.0,29.0,14.0
1916,7,16.0,0.0,0.6,75.0,1159.0,0.032,27.0,18.0,117.0
1917,10,14.2,0.0,1.8,51.0,990.0,0.042,58.0,30.0,101.0
1919,5,13.5,0.0,1.0,46.0,1882.0,0.005,54.0,40.0,12.0
1920,4,11.5,0.0,2.4,64.0,1470.0,0.038,77.0,21.0,29.0
1921,21,20.4,0.0,0.1,39.0,2000.0,0.042,60.0,32.0,170.0
1924,14,13.8,1.0,4.8,74.0,1955.0,0.044,33.0,23.0,1.0
1928,1,10.6,0.0,0.2,71.0,844.0,,,,67.0
1929,13,17.9,0.0,3.4,67.0,1467.0,0.038,42.0,28.0,70.0
1931,3,13.7,0.0,2.0,80.0,1034.0,0.026,35.0,18.0,12.0
1932,4,10.1,0.0,0.0,44.0,2000.0,0.036000000000000004,26.0,20.0,9.0
1933,10,14.7,0.0,1.8,66.0,668.0,0.046,69.0,38.0,66.0
1934,1,14.1,0.0,1.3,69.0,1970.0,,,,56.0
1936,11,16.8,0.0,4.2,16.0,1228.0,0.031,197.0,22.0,67.0
1937,21,20.8,0.0,3.1,35.0,2000.0,0.053,38.0,26.0,198.0
1938,7,9.1,0.0,1.8,87.0,266.0,0.011,61.0,51.0,21.0
1940,17,20.6,0.0,3.2,56.0,1539.0,0.049,52.0,26.0,183.0
1941,1,16.6,0.0,2.1,35.0,2000.0,,,,62.0
1944,7,17.9,0.0,1.6,67.0,1420.0,0.029,53.0,29.0,26.0
1945,5,11.7,0.0,2.5,85.0,776.0,0.044,58.0,19.0,11.0
1946,15,22.2,0.0,3.4,27.0,2000.0,0.05,22.0,10.0,152.0
1947,14,24.0,0.0,2.6,51.0,1946.0,0.042,34.0,26.0,92.0
1950,9,15.0,1.0,1.4,94.0,361.0,0.018000000000000002,47.0,27.0,111.0
1952,5,9.9,0.0,1.4,68.0,840.0,0.036000000000000004,62.0,35.0,10.0
1954,16,26.3,0.0,3.9,31.0,1821.0,0.069,55.0,31.0,188.0
1955,21,17.0,0.0,2.4,27.0,2000.0,0.045,44.0,17.0,127.0
1956,10,18.2,0.0,1.0,52.0,1126.0,0.01,51.0,28.0,96.0
1957,19,25.9,0.0,7.0,25.0,1246.0,0.098,73.0,42.0,280.0
1958,14,21.6,0.0,4.5,27.0,2000.0,0.049,20.0,10.0,150.0
1960,2,8.8,0.0,2.3,68.0,1910.0,0.031,84.0,14.0,23.0
1961,7,10.1,0.0,0.9,29.0,1078.0,0.038,223.0,22.0,13.0
1962,13,24.7,0.0,2.4,30.0,1461.0,0.063,77.0,39.0,199.0
1964,20,15.0,0.0,4.4,35.0,2000.0,0.052000000000000005,49.0,18.0,170.0
1965,21,19.2,0.0,4.1,23.0,2000.0,0.051,38.0,20.0,166.0
1966,2,17.6,0.0,2.3,34.0,2000.0,0.055,46.0,20.0,43.0
1968,18,25.2,0.0,4.9,25.0,2000.0,0.064,,,332.0
1969,4,9.4,0.0,1.4,82.0,528.0,0.013,80.0,39.0,9.0
1970,9,17.0,0.0,0.4,59.0,318.0,0.021,143.0,86.0,91.0
1971,3,9.4,0.0,0.9,87.0,387.0,0.006,45.0,,8.0
1972,23,17.7,0.0,1.1,92.0,418.0,0.009000000000000001,34.0,27.0,42.0
1974,0,18.8,0.0,2.9,31.0,2000.0,0.061,53.0,22.0,69.0
1977,21,10.8,0.0,3.3,77.0,1377.0,0.029,47.0,29.0,144.0
1978,15,23.9,0.0,3.4,40.0,1259.0,0.067,66.0,43.0,302.0
1979,4,9.2,0.0,1.8,88.0,312.0,0.018000000000000002,47.0,46.0,10.0
1980,4,12.9,0.0,2.4,44.0,2000.0,0.039,17.0,10.0,19.0
1981,11,12.5,0.0,3.6,42.0,1104.0,0.006,79.0,62.0,23.0
1982,11,13.3,0.0,1.6,40.0,1569.0,0.018000000000000002,74.0,32.0,84.0
1983,3,15.8,0.0,3.1,60.0,722.0,0.08199999999999999,83.0,52.0,31.0
1984,15,18.1,0.0,1.8,31.0,1865.0,0.029,67.0,24.0,98.0
1985,7,19.5,0.0,3.3,67.0,620.0,0.06,73.0,47.0,90.0
1986,0,9.9,0.0,1.4,86.0,620.0,0.01,40.0,,47.0
1987,11,15.6,0.0,2.7,49.0,1345.0,0.016,85.0,38.0,99.0
1988,3,10.3,0.0,2.4,20.0,2000.0,0.043,64.0,19.0,16.0
1989,11,18.3,0.0,0.8,58.0,941.0,0.018000000000000002,56.0,24.0,88.0
1991,7,10.1,0.0,1.1,42.0,1913.0,0.05,59.0,36.0,82.0
1992,11,11.7,0.0,2.0,47.0,513.0,0.031,95.0,86.0,55.0
1994,1,15.1,0.0,1.3,35.0,2000.0,,,,40.0
1995,6,15.4,0.0,1.7,57.0,1234.0,0.031,119.0,27.0,11.0
1996,0,14.0,0.0,2.2,61.0,2000.0,0.036000000000000004,44.0,17.0,63.0
1998,22,20.9,0.0,4.3,70.0,839.0,0.073,61.0,38.0,139.0
2000,12,12.3,0.0,2.0,41.0,1332.0,0.025,43.0,39.0,149.0
2002,12,20.7,0.0,2.7,70.0,625.0,0.053,68.0,39.0,93.0
2003,16,21.4,0.0,3.8,21.0,1022.0,0.076,74.0,67.0,110.0
2005,1,17.7,0.0,1.0,43.0,1338.0,,,,69.0
2006,10,15.5,0.0,1.9,53.0,632.0,0.017,82.0,42.0,106.0
2007,19,21.7,0.0,2.2,12.0,2000.0,0.052000000000000005,17.0,10.0,214.0
2008,12,17.1,0.0,5.6,52.0,2000.0,0.043,39.0,32.0,139.0
2009,0,15.8,0.0,3.0,76.0,389.0,0.065,93.0,55.0,90.0
2011,22,20.3,0.0,0.9,49.0,730.0,0.07200000000000001,104.0,59.0,226.0
2012,10,15.7,0.0,2.7,61.0,1203.0,0.035,42.0,26.0,79.0
2014,21,9.2,0.0,2.3,48.0,1931.0,0.037000000000000005,46.0,37.0,57.0
2015,8,9.1,0.0,2.2,53.0,1939.0,0.013,34.0,15.0,200.0
2016,19,16.2,0.0,3.5,31.0,950.0,0.06,,,167.0
2018,16,19.8,0.0,4.2,48.0,892.0,0.071,63.0,37.0,140.0
2019,11,17.5,0.0,3.1,56.0,1237.0,0.043,106.0,19.0,91.0
2020,23,10.9,0.0,1.6,45.0,908.0,0.036000000000000004,80.0,73.0,62.0
2022,20,16.1,0.0,4.3,24.0,2000.0,0.045,47.0,15.0,169.0
2024,15,26.3,0.0,3.4,36.0,2000.0,0.057,24.0,17.0,123.0
2025,17,18.2,0.0,4.6,28.0,925.0,0.07,72.0,59.0,132.0
2027,8,10.1,0.0,1.6,54.0,1967.0,0.031,81.0,22.0,159.0
2028,17,25.7,0.0,3.5,35.0,1951.0,0.069,51.0,27.0,200.0
2029,21,18.8,0.0,0.6,14.0,2000.0,0.028,21.0,13.0,194.0
2030,7,16.1,0.0,1.3,64.0,1522.0,0.025,38.0,26.0,26.0
2031,18,19.7,0.0,5.7,35.0,2000.0,0.052000000000000005,54.0,17.0,280.0
2032,8,9.3,0.0,0.2,67.0,661.0,0.033,70.0,38.0,43.0
2033,14,22.9,0.0,1.8,54.0,666.0,0.047,98.0,34.0,116.0
2034,9,13.4,0.0,3.2,29.0,2000.0,0.033,42.0,23.0,115.0
2035,23,18.0,0.0,1.7,34.0,2000.0,0.043,27.0,18.0,186.0
2036,11,17.2,0.0,0.2,52.0,1114.0,0.01,124.0,31.0,65.0
2038,0,10.5,0.0,3.4,59.0,1990.0,0.044,46.0,23.0,58.0
2040,22,19.6,0.0,2.8,42.0,2000.0,0.056,41.0,26.0,245.0
2042,3,17.8,0.0,0.8,91.0,330.0,0.005,31.0,23.0,29.0
2043,3,17.1,0.0,1.4,50.0,1718.0,0.004,72.0,44.0,24.0
2044,17,28.0,0.0,3.4,37.0,1114.0,0.068,61.0,42.0,187.0
2045,0,19.2,0.0,1.6,62.0,1976.0,0.033,35.0,29.0,75.0
2047,1,12.6,0.0,2.4,48.0,1805.0,,,,43.0
2048,19,23.3,0.0,3.5,40.0,1942.0,0.041,55.0,29.0,227.0
2049,17,19.9,0.0,4.5,34.0,1822.0,0.059,53.0,33.0,154.0
2051,21,17.3,0.0,3.2,63.0,2000.0,0.027000000000000003,36.0,17.0,230.0
2052,15,27.4,0.0,3.8,23.0,1957.0,0.067,47.0,22.0,104.0
2053,4,18.5,0.0,1.2,80.0,724.0,0.061,43.0,27.0,13.0
2054,11,20.6,0.0,3.5,63.0,1420.0,0.05,37.0,24.0,103.0
2055,14,19.1,0.0,2.2,67.0,1181.0,0.042,36.0,25.0,82.0
2056,23,13.1,0.0,2.1,31.0,2000.0,0.036000000000000004,31.0,13.0,98.0
2057,19,16.6,0.0,5.0,25.0,2000.0,0.048,54.0,18.0,199.0
2058,22,10.4,0.0,3.0,70.0,2000.0,0.037000000000000005,48.0,19.0,110.0
2059,0,11.1,0.0,1.4,39.0,1931.0,0.015,102.0,24.0,62.0
2061,11,12.0,0.0,2.1,76.0,342.0,0.017,66.0,60.0,87.0
2062,8,16.1,0.0,1.0,55.0,945.0,0.024,54.0,35.0,54.0
2063,2,15.8,0.0,1.4,39.0,2000.0,0.029,21.0,16.0,51.0
2064,10,17.3,0.0,1.0,41.0,1757.0,0.006999999999999999,70.0,40.0,13.0
2065,4,17.0,0.0,1.7,72.0,1983.0,0.006999999999999999,34.0,23.0,15.0
2066,11,10.1,0.0,1.5,59.0,990.0,0.015,39.0,,78.0
2068,15,23.3,0.0,3.6,45.0,680.0,0.07400000000000001,220.0,51.0,108.0
2070,14,16.5,0.0,3.8,20.0,2000.0,0.037000000000000005,52.0,25.0,113.0
2071,3,18.8,0.0,0.5,54.0,2000.0,0.019,29.0,22.0,34.0
2073,15,19.6,0.0,4.1,53.0,1995.0,0.041,39.0,13.0,125.0
2075,8,10.6,0.0,0.7,22.0,974.0,0.026,214.0,21.0,34.0
2076,2,10.3,0.0,0.3,76.0,798.0,0.004,83.0,38.0,32.0
2077,5,7.4,0.0,1.8,57.0,813.0,0.004,78.0,71.0,12.0
2078,10,15.8,0.0,5.0,55.0,1903.0,0.042,48.0,15.0,84.0
2080,8,16.3,0.0,1.9,49.0,2000.0,0.027000000000000003,28.0,19.0,37.0
2081,3,11.3,0.0,1.3,82.0,602.0,0.049,62.0,33.0,25.0
2082,0,20.6,0.0,2.0,71.0,827.0,0.047,60.0,35.0,80.0
2084,17,22.2,0.0,5.7,18.0,1948.0,0.06,88.0,21.0,158.0
2086,1,11.5,0.0,3.2,23.0,2000.0,,,,42.0
2088,12,24.0,0.0,1.5,34.0,838.0,0.037000000000000005,96.0,47.0,94.0
2089,11,23.3,0.0,1.2,53.0,1650.0,0.021,29.0,16.0,119.0
2090,18,27.5,0.0,3.8,47.0,1507.0,0.083,64.0,40.0,398.0
2091,9,11.9,0.0,0.8,45.0,965.0,0.005,69.0,58.0,59.0
2092,13,15.5,0.0,1.3,33.0,1716.0,0.018000000000000002,82.0,28.0,80.0
2095,4,10.7,0.0,2.2,45.0,1783.0,0.027000000000000003,102.0,25.0,13.0
2096,20,14.0,0.0,2.9,35.0,910.0,0.061,,,117.0
2098,21,14.2,0.0,3.4,83.0,952.0,0.033,44.0,23.0,120.0
2099,6,15.1,0.0,0.3,88.0,415.0,0.05,60.0,34.0,14.0
2100,20,14.2,0.0,3.6,33.0,2000.0,0.035,42.0,20.0,138.0
2101,19,12.7,0.0,3.5,34.0,1250.0,0.065,75.0,62.0,87.0
2102,12,16.0,0.0,2.3,39.0,1834.0,0.034,39.0,23.0,121.0
2105,17,27.6,0.0,3.5,39.0,1963.0,0.052000000000000005,27.0,17.0,222.0
2106,22,12.3,0.0,3.3,57.0,1580.0,0.05,53.0,22.0,118.0
2109,12,25.6,0.0,1.8,29.0,869.0,0.032,73.0,33.0,129.0
2111,15,13.2,0.0,4.6,34.0,1954.0,0.051,22.0,21.0,104.0
2112,11,14.5,0.0,2.7,41.0,1995.0,0.031,29.0,17.0,78.0
2113,13,11.7,0.0,4.4,51.0,2000.0,0.037000000000000005,22.0,22.0,103.0
2114,22,18.1,0.0,4.6,73.0,1796.0,0.039,27.0,,143.0
2116,10,21.1,0.0,1.4,40.0,1855.0,0.03,45.0,27.0,81.0
2118,7,9.6,0.0,0.9,73.0,827.0,0.021,59.0,30.0,16.0
2119,17,16.3,1.0,5.9,88.0,492.0,0.059,38.0,22.0,92.0
2120,5,15.8,0.0,0.9,68.0,851.0,0.048,52.0,33.0,19.0
2121,8,8.6,0.0,2.0,89.0,223.0,0.01,74.0,64.0,34.0
2122,9,18.8,0.0,0.5,49.0,1132.0,0.027000000000000003,39.0,23.0,75.0
2123,23,17.5,0.0,3.1,78.0,1323.0,0.043,26.0,22.0,102.0
2124,0,19.9,0.0,0.8,73.0,314.0,0.041,97.0,56.0,90.0
2126,3,12.1,0.0,3.2,85.0,679.0,0.043,54.0,21.0,17.0
2128,6,8.5,0.0,1.5,55.0,2000.0,0.036000000000000004,31.0,18.0,29.0
2129,3,12.1,0.0,3.0,40.0,1436.0,0.066,71.0,44.0,13.0
2130,5,15.7,0.0,1.2,63.0,688.0,0.026,118.0,74.0,7.0
2131,20,19.6,0.0,1.7,66.0,1142.0,0.053,54.0,33.0,171.0
2132,0,18.8,0.0,2.5,51.0,1638.0,0.051,51.0,35.0,106.0
2136,2,17.7,0.0,2.1,54.0,1609.0,0.055,48.0,31.0,53.0
2137,19,12.4,0.0,4.5,15.0,2000.0,0.044,63.0,15.0,136.0
2138,18,28.1,0.0,4.4,25.0,862.0,0.125,94.0,53.0,300.0
2139,21,12.5,0.0,4.0,73.0,1264.0,0.051,57.0,27.0,91.0
2140,22,14.1,0.0,3.0,37.0,1722.0,0.057,57.0,31.0,144.0
2142,17,29.2,0.0,3.9,25.0,769.0,0.112,69.0,38.0,324.0
2144,3,17.4,0.0,1.0,52.0,2000.0,0.029,38.0,27.0,31.0
2150,7,12.4,0.0,2.3,67.0,2000.0,0.023,43.0,15.0,104.0
2151,5,19.0,0.0,1.7,65.0,517.0,0.035,94.0,55.0,14.0
2152,20,14.0,0.0,4.3,44.0,2000.0,0.043,48.0,19.0,150.0
2153,15,27.4,0.0,1.7,23.0,1661.0,0.076,75.0,33.0,218.0
2154,18,20.3,0.0,4.7,25.0,1994.0,0.053,43.0,20.0,242.0
2155,0,12.3,0.0,3.7,35.0,2000.0,0.037000000000000005,34.0,17.0,66.0
2156,15,20.2,0.0,3.8,75.0,547.0,0.039,65.0,43.0,105.0
2157,14,28.4,0.0,1.9,20.0,1346.0,0.08199999999999999,78.0,38.0,179.0
2158,23,18.2,0.0,1.3,70.0,738.0,0.036000000000000004,58.0,34.0,141.0
2159,21,14.8,0.0,3.7,44.0,2000.0,0.042,23.0,16.0,120.0
2160,21,21.5,0.0,2.9,44.0,1970.0,0.063,52.0,33.0,239.0
2161,2,11.4,1.0,0.9,89.0,289.0,0.017,67.0,57.0,5.0
2162,23,14.5,0.0,1.8,68.0,1794.0,0.034,43.0,20.0,119.0
2163,20,21.5,0.0,1.0,33.0,2000.0,0.049,60.0,32.0,201.0
2164,2,9.2,0.0,0.4,62.0,1882.0,0.04,49.0,18.0,24.0
2167,15,26.3,0.0,4.3,39.0,1925.0,0.062,37.0,23.0,272.0
2168,19,10.6,0.0,0.8,84.0,1091.0,0.033,23.0,22.0,114.0
2169,4,10.2,0.0,1.3,63.0,1378.0,0.033,58.0,29.0,11.0
2170,15,23.1,0.0,4.3,23.0,1798.0,0.064,54.0,29.0,266.0
2171,3,18.1,0.0,0.8,77.0,272.0,0.008,112.0,69.0,26.0
2172,4,8.7,0.0,1.0,66.0,1802.0,0.044,46.0,18.0,8.0
2173,18,24.8,0.0,3.6,33.0,1262.0,0.084,113.0,49.0,303.0
2174,4,16.8,0.0,1.6,53.0,2000.0,0.031,37.0,27.0,21.0
2175,3,10.8,0.0,3.8,45.0,2000.0,0.039,34.0,19.0,20.0
2176,5,18.3,0.0,1.9,54.0,2000.0,0.009000000000000001,30.0,21.0,22.0
2178,21,20.7,0.0,3.7,37.0,1395.0,0.08199999999999999,71.0,36.0,216.0
2179,17,21.1,0.0,3.1,47.0,1973.0,0.046,38.0,17.0,170.0
