id,value
1,0
2,0
4,0
5,0
6,0
10,0
11,0
15,0
17,0
23,0
25,0
28,0
31,0
35,0
39,0
40,0
43,0
48,0
51,0
55,0
56,0
57,0
61,0
62,0
69,0
70,0
71,0
74,0
80,0
82,0
84,0
85,0
88,0
90,0
91,0
95,0
101,0
104,0
111,0
113,0
116,0
120,0
122,0
130,0
136,0
138,0
141,0
144,0
146,0
147,0
150,0
151,0
152,0
158,0
159,0
160,0
162,0
168,0
172,0
177,0
181,0
183,0
184,0
186,0
187,0
192,0
193,0
194,0
200,0
201,0
204,0
206,0
208,0
219,0
221,0
227,0
231,0
233,0
235,0
237,0
238,0
239,0
255,0
258,0
260,0
272,0
273,0
275,0
279,0
281,0
284,0
286,0
292,0
300,0
301,0
303,0
304,0
315,0
318,0
320,0
322,0
323,0
326,0
328,0
337,0
339,0
342,0
343,0
360,0
364,0
365,0
367,0
368,0
369,0
372,0
376,0
379,0
380,0
383,0
385,0
386,0
390,0
391,0
393,0
400,0
403,0
413,0
416,0
423,0
424,0
426,0
427,0
428,0
429,0
431,0
432,0
433,0
439,0
443,0
444,0
446,0
449,0
456,0
457,0
464,0
468,0
472,0
474,0
483,0
488,0
494,0
499,0
505,0
506,0
510,0
511,0
512,0
517,0
521,0
522,0
523,0
526,0
531,0
540,0
547,0
555,0
556,0
563,0
564,0
566,0
573,0
574,0
581,0
588,0
590,0
591,0
595,0
596,0
597,0
599,0
600,0
602,0
603,0
606,0
613,0
615,0
620,0
623,0
624,0
628,0
630,0
635,0
636,0
638,0
662,0
664,0
665,0
670,0
672,0
677,0
680,0
695,0
705,0
713,0
716,0
717,0
720,0
723,0
725,0
731,0
733,0
734,0
738,0
740,0
743,0
747,0
750,0
752,0
753,0
756,0
758,0
768,0
770,0
772,0
773,0
791,0
793,0
794,0
798,0
799,0
801,0
804,0
805,0
811,0
822,0
824,0
827,0
828,0
832,0
837,0
844,0
851,0
852,0
854,0
856,0
860,0
867,0
877,0
880,0
883,0
885,0
889,0
891,0
894,0
897,0
898,0
899,0
904,0
906,0
907,0
910,0
915,0
917,0
919,0
925,0
928,0
940,0
945,0
946,0
951,0
953,0
959,0
961,0
963,0
965,0
971,0
973,0
983,0
985,0
997,0
998,0
999,0
1004,0
1012,0
1014,0
1021,0
1024,0
1028,0
1034,0
1037,0
1038,0
1041,0
1043,0
1044,0
1048,0
1054,0
1058,0
1059,0
1061,0
1068,0
1070,0
1075,0
1076,0
1078,0
1080,0
1082,0
1084,0
1085,0
1088,0
1091,0
1094,0
1096,0
1099,0
1101,0
1103,0
1107,0
1108,0
1110,0
1117,0
1119,0
1120,0
1122,0
1130,0
1136,0
1137,0
1139,0
1140,0
1141,0
1144,0
1148,0
1165,0
1168,0
1174,0
1179,0
1187,0
1188,0
1190,0
1196,0
1197,0
1200,0
1201,0
1203,0
1205,0
1208,0
1212,0
1213,0
1214,0
1217,0
1224,0
1228,0
1229,0
1239,0
1240,0
1247,0
1259,0
1261,0
1265,0
1268,0
1269,0
1271,0
1274,0
1275,0
1276,0
1277,0
1278,0
1288,0
1291,0
1296,0
1297,0
1302,0
1304,0
1306,0
1307,0
1309,0
1310,0
1314,0
1316,0
1317,0
1323,0
1324,0
1325,0
1326,0
1331,0
1333,0
1334,0
1335,0
1337,0
1347,0
1348,0
1354,0
1355,0
1358,0
1362,0
1363,0
1375,0
1377,0
1380,0
1382,0
1391,0
1397,0
1400,0
1401,0
1405,0
1408,0
1409,0
1411,0
1417,0
1420,0
1421,0
1425,0
1428,0
1431,0
1436,0
1448,0
1450,0
1458,0
1459,0
1463,0
1471,0
1473,0
1474,0
1476,0
1482,0
1487,0
1491,0
1496,0
1497,0
1498,0
1504,0
1507,0
1509,0
1513,0
1518,0
1519,0
1522,0
1532,0
1534,0
1538,0
1542,0
1544,0
1549,0
1558,0
1562,0
1563,0
1564,0
1565,0
1568,0
1569,0
1570,0
1573,0
1574,0
1578,0
1580,0
1581,0
1585,0
1591,0
1598,0
1600,0
1609,0
1614,0
1619,0
1628,0
1630,0
1633,0
1638,0
1651,0
1652,0
1659,0
1663,0
1667,0
1668,0
1670,0
1671,0
1675,0
1678,0
1681,0
1683,0
1687,0
1689,0
1690,0
1697,0
1700,0
1711,0
1713,0
1720,0
1723,0
1729,0
1730,0
1735,0
1736,0
1737,0
1738,0
1741,0
1747,0
1753,0
1755,0
1764,0
1766,0
1770,0
1775,0
1776,0
1783,0
1789,0
1794,0
1795,0
1799,0
1802,0
1805,0
1808,0
1811,0
1812,0
1813,0
1816,0
1817,0
1820,0
1828,0
1837,0
1838,0
1840,0
1841,0
1842,0
1843,0
1845,0
1847,0
1848,0
1853,0
1855,0
1856,0
1861,0
1864,0
1871,0
1873,0
1874,0
1875,0
1876,0
1877,0
1885,0
1887,0
1894,0
1896,0
1897,0
1905,0
1908,0
1909,0
1912,0
1918,0
1922,0
1923,0
1926,0
1930,0
1935,0
1949,0
1960,0
1967,0
1968,0
1969,0
1973,0
1974,0
1976,0
1977,0
1978,0
1982,0
1986,0
1996,0
2002,0
2010,0
2013,0
2014,0
2024,0
2026,0
2027,0
2028,0
2031,0
2033,0
2038,0
2041,0
2047,0
2054,0
2055,0
2057,0
2059,0
2062,0
2063,0
2074,0
2077,0
2089,0
2092,0
2095,0
2099,0
2108,0
2116,0
2117,0
2120,0
2130,0
2131,0
2133,0
2135,0
2138,0
2139,0
2140,0
2143,0
2144,0
2146,0
2148,0
2153,0
2160,0
2173,0
2179,0
2180,0
2181,0
2182,0
2183,0
2184,0
2189,0
2190,0
2191,0
2192,0
2200,0
2205,0
2206,0
2207,0
2212,0
2215,0
2219,0
2229,0
2232,0
2238,0
2241,0
2244,0
2247,0
2249,0
2250,0
2254,0
2255,0
2262,0
2264,0
2268,0
2269,0
2281,0
2284,0
2288,0
2296,0
2299,0
2300,0
2302,0
2305,0
2310,0
2325,0
2327,0
2332,0
2333,0
2343,0
2347,0
2350,0
2356,0
2359,0
2365,0
2370,0
2372,0
2375,0
2382,0
2383,0
2386,0
2390,0
2398,0
2403,0
2406,0
2411,0
2418,0
2419,0
2422,0
2429,0
2430,0
2431,0
2434,0
2439,0
2443,0
2445,0
2449,0
2452,0
2456,0
2459,0
2465,0
2476,0
2485,0
2488,0
2490,0
2491,0
2492,0
2501,0
2503,0
2506,0
2508,0
2510,0
2513,0
2520,0
2521,0
2525,0
2526,0
2529,0
2530,0
2535,0
2536,0
2540,0
2543,0
2547,0
2549,0
2558,0
2559,0
2562,0
2568,0
2570,0
2571,0
2573,0
2575,0
2576,0
2577,0
2578,0
2581,0
2582,0
2583,0
2584,0
2586,0
2587,0
2595,0
2600,0
2603,0
2604,0
2605,0
2606,0
2610,0
2613,0
2630,0
2631,0
2632,0
2652,0
2659,0
2662,0
2665,0
2667,0
2668,0
2672,0
2674,0
2675,0
2676,0
2678,0
2685,0
2689,0
2691,0
2694,0
2695,0
2697,0
2699,0
2700,0
2701,0
2705,0
2716,0
2718,0
2721,0
2733,0
2737,0
2739,0
2748,0
2749,0
2752,0
2753,0
2755,0
2765,0
2766,0
2774,0
2775,0
2776,0
2777,0
2779,0
2785,0
2786,0
2796,0
2797,0
2805,0
2807,0
2809,0
2810,0
2816,0
2817,0
2819,0
2827,0
2833,0
2835,0
2837,0
2841,0
2842,0
2843,0
2851,0
2854,0
2860,0
2863,0
2869,0
2874,0
2876,0
2877,0
2878,0
2882,0
2887,0
2889,0
2890,0
2903,0
2906,0
2910,0
2912,0
2913,0
2918,0
2921,0
2922,0
2925,0
2927,0
2930,0
2936,0
2937,0
2943,0
2946,0
2947,0
2949,0
2952,0
2953,0
2955,0
2957,0
2960,0
2962,0
2963,0
2969,0
2977,0
2979,0
2980,0
2992,0
2994,0
3002,0
3008,0
3009,0
3011,0
3016,0
3022,0
3023,0
3031,0
3035,0
3039,0
3045,0
3048,0
3052,0
3055,0
3056,0
3058,0
3068,0
3069,0
3070,0
3072,0
3073,0
3074,0
3075,0
3077,0
3080,0
3091,0
3102,0
3106,0
3116,0
3123,0
3124,0
3126,0
3130,0
3137,0
3139,0
3146,0
3147,0
3152,0
3160,0
3166,0
3168,0
3170,0
3172,0
3173,0
3176,0
3177,0
3197,0
3200,0
3201,0
3204,0
3206,0
3210,0
3219,0
3220,0
3229,0
3232,0
3235,0
3236,0
3239,0
3240,0
3249,0
3257,0
3260,0
3262,0
3264,0
3267,0
3268,0
3272,0
3278,0
3286,0
3290,0
3291,0
3292,0
3293,0
3296,0
3305,0
3308,0
3309,0
3315,0
3319,0
3320,0
3326,0
3330,0
3333,0
3334,0
3337,0
3341,0
3342,0
3343,0
3345,0
3346,0
3347,0
3355,0
3358,0
3359,0
3361,0
3362,0
3364,0
3365,0
3367,0
3369,0
3374,0
3386,0
3389,0
3390,0
3395,0
3403,0
3410,0
3411,0
3413,0
3417,0
3419,0
3425,0
3426,0
3429,0
3433,0
3436,0
3445,0
3447,0
3448,0
3454,0
3461,0
3468,0
3470,0
3475,0
3482,0
3484,0
3491,0
3492,0
3496,0
3500,0
3514,0
3524,0
3526,0
3527,0
3528,0
3532,0
3534,0
3535,0
3539,0
3540,0
3555,0
3563,0
3569,0
3572,0
3575,0
3584,0
3588,0
3597,0
3598,0
3601,0
3612,0
3614,0
3615,0
3618,0
3625,0
3655,0
3661,0
3665,0
3666,0
3675,0
3683,0
3685,0
3688,0
3690,0
3697,0
3710,0
3716,0
3727,0
3738,0
3745,0
3749,0
3754,0
3776,0
3778,0
3784,0
3786,0
3788,0
3791,0
3803,0
3809,0
3811,0
3817,0
3820,0
3824,0
3826,0
3829,0
3831,0
3832,0
3836,0
3845,0
3846,0
3848,0
3849,0
3857,0
3859,0
3861,0
3867,0
3876,0
3877,0
3878,0
3883,0
3885,0
3889,0
3890,0
3891,0
3913,0
3920,0
3922,0
3930,0
3931,0
3934,0
3941,0
3942,0
3945,0
3950,0
3951,0
3959,0
3960,0
3962,0
3972,0
3982,0
3984,0
3986,0
3988,0
3989,0
3990,0
3991,0
3995,0
3997,0
4000,0
4002,0
4007,0
4010,0
4012,0
4013,0
4019,0
4028,0
4032,0
4035,0
4038,0
4040,0
4042,0
4046,0
4054,0
4065,0
4073,0
4074,0
4084,0
4106,0
4108,0
4109,0
4110,0
4111,0
4112,0
4113,0
4115,0
4119,0
4123,0
4129,0
4131,0
4133,0
4138,0
4143,0
4146,0
4151,0
4161,0
4163,0
4166,0
4168,0
4171,0
4180,0
4185,0
4189,0
4190,0
4191,0
4197,0
4201,0
4208,0
4213,0
4219,0
4221,0
4226,0
4233,0
4241,0
4245,0
4256,0
4261,0
4262,0
4268,0
4274,0
4278,0
4279,0
4280,0
4289,0
4291,0
4294,0
4301,0
4308,0
4310,0
4312,0
4315,0
4321,0
4325,0
4326,0
4327,0
4328,0
4329,0
4341,0
4343,0
4349,0
4350,0
4357,0
4359,0
4362,0
4364,0
4366,0
4369,0
4376,0
4380,0
4381,0
4383,0
4388,0
4395,0
4396,0
4407,0
4414,0
4415,0
4416,0
4419,0
4425,0
4427,0
4432,0
4433,0
4435,0
4440,0
4441,0
4443,0
4446,0
4454,0
4462,0
4474,0
4481,0
4484,0
4489,0
4491,0
4492,0
4505,0
4510,0
4520,0
4521,0
4522,0
4529,0
4531,0
4532,0
4557,0
4561,0
4562,0
4564,0
4566,0
4571,0
4581,0
4584,0
4585,0
4590,0
4594,0
4595,0
4596,0
4598,0
4601,0
4604,0
4605,0
4610,0
4618,0
4619,0
4620,0
4623,0
4628,0
4635,0
4645,0
4652,0
4654,0
4655,0
4656,0
4657,0
4661,0
4662,0
4663,0
4665,0
4670,0
4671,0
4672,0
4675,0
4676,0
4678,0
4681,0
4684,0
4687,0
4697,0
4705,0
4707,0
4714,0
4715,0
4717,0
4721,0
4725,0
4726,0
4730,0
4732,0
4734,0
4735,0
4741,0
4750,0
4757,0
4760,0
4765,0
4767,0
4769,0
4770,0
4773,0
4775,0
4779,0
4783,0
4787,0
4794,0
4796,0
4797,0
4801,0
4806,0
4808,0
4814,0
4820,0
4825,0
4828,0
4840,0
4844,0
4845,0
4846,0
4851,0
4862,0
4864,0
4871,0
4872,0
4874,0
4877,0
4878,0
4886,0
4888,0
4893,0
4900,0
4921,0
4929,0
4934,0
4935,0
4938,0
4949,0
4951,0
4952,0
4955,0
4963,0
4977,0
4984,0
4987,0
4991,0
5001,0
5002,0
5011,0
5012,0
5015,0
5018,0
5022,0
5024,0
5027,0
5031,0
5042,0
5043,0
5044,0
5048,0
5054,0
5055,0
5056,0
5059,0
5065,0
5066,0
5070,0
5072,0
5078,0
5083,0
5100,0
5101,0
5104,0
5106,0
5107,0
5108,0
5112,0
5117,0
5118,0
5120,0
5124,0
5128,0
5132,0
5134,0
5137,0
5139,0
5141,0
5147,0
5148,0
5158,0
5162,0
5164,0
5170,0
5171,0
5176,0
5180,0
5181,0
5182,0
5188,0
5197,0
5198,0
5201,0
5215,0
5216,0
5217,0
5220,0
5221,0
5223,0
5226,0
5227,0
5233,0
5239,0
5240,0
5242,0
5243,0
5245,0
5247,0
5252,0
5255,0
5260,0
5264,0
5269,0
5272,0
5276,0
5282,0
5286,0
5290,0
5291,0
5296,0
5303,0
5304,0
5309,0
5317,0
5319,0
5322,0
5324,0
5325,0
5329,0
5330,0
5333,0
5334,0
5340,0
5342,0
5346,0
5349,0
5350,0
5355,0
5360,0
5374,0
5376,0
5377,0
5389,0
5393,0
5395,0
5396,0
5397,0
5398,0
5399,0
5401,0
5402,0
5405,0
5413,0
5417,0
5418,0
5419,0
5426,0
5429,0
5431,0
5432,0
5436,0
5439,0
5440,0
5455,0
5456,0
5468,0
5469,0
5472,0
5473,0
5475,0
5481,0
5482,0
5490,0
5494,0
5499,0
5504,0
5513,0
5528,0
5535,0
5542,0
5543,0
5546,0
5547,0
5552,0
5553,0
5557,0
5558,0
5566,0
5567,0
5576,0
5583,0
5585,0
5590,0
5594,0
5602,0
5603,0
5610,0
5620,0
5623,0
5641,0
5647,0
5649,0
5660,0
5661,0
5668,0
5673,0
5675,0
5676,0
5682,0
5686,0
5689,0
5696,0
5713,0
5715,0
5717,0
5724,0
5729,0
5733,0
5737,0
5740,0
5741,0
5750,0
5758,0
5759,0
5763,0
5764,0
5776,0
5777,0
5780,0
5783,0
5784,0
5788,0
5790,0
5792,0
5794,0
5799,0
5807,0
5808,0
5812,0
5813,0
5819,0
5824,0
5826,0
5838,0
5840,0
5851,0
5852,0
5861,0
5863,0
5870,0
5871,0
5872,0
5878,0
5888,0
5893,0
5902,0
5905,0
5907,0
5909,0
5922,0
5926,0
5929,0
5933,0
5940,0
5948,0
5949,0
5955,0
5956,0
5959,0
5962,0
5963,0
5965,0
5966,0
5968,0
5969,0
5970,0
5971,0
5972,0
5974,0
5975,0
5977,0
5981,0
5983,0
5986,0
5988,0
5990,0
5997,0
5998,0
6002,0
6008,0
6010,0
6013,0
6016,0
6031,0
6032,0
6036,0
6037,0
6038,0
6041,0
6046,0
6047,0
6058,0
6063,0
6065,0
6066,0
6081,0
6085,0
6086,0
6088,0
6090,0
6093,0
6095,0
6098,0
6099,0
6104,0
6105,0
6111,0
6115,0
6116,0
6122,0
6131,0
6135,0
6136,0
6140,0
6141,0
6142,0
6143,0
6144,0
6145,0
6151,0
6152,0
6154,0
6161,0
6162,0
6169,0
6170,0
6173,0
6181,0
6184,0
6185,0
6187,0
6192,0
6194,0
6200,0
6202,0
6203,0
6204,0
6212,0
6213,0
6215,0
6217,0
6218,0
6221,0
6226,0
6227,0
6228,0
6229,0
6236,0
6237,0
6238,0
6245,0
6250,0
6252,0
6254,0
6258,0
6260,0
6262,0
6274,0
6281,0
6285,0
6288,0
6300,0
6302,0
6307,0
6308,0
6311,0
6317,0
6328,0
6331,0
6333,0
6335,0
6343,0
6344,0
6349,0
6353,0
6355,0
6359,0
6367,0
6368,0
6369,0
6370,0
6373,0
6382,0
6385,0
6386,0
6387,0
6389,0
6394,0
6411,0
6413,0
6417,0
6423,0
6425,0
6444,0
6449,0
6455,0
6460,0
6467,0
6470,0
6476,0
6479,0
6480,0
6486,0
6487,0
6493,0
6497,0
6499,0
6501,0
6503,0
6505,0
6507,0
6511,0
6512,0
6521,0
6522,0
6532,0
6534,0
6536,0
6538,0
6541,0
6550,0
6561,0
6564,0
6569,0
6577,0
6579,0
6583,0
6587,0
6592,0
6603,0
6607,0
6613,0
6626,0
6647,0
6650,0
6657,0
6663,0
6672,0
6677,0
6678,0
6681,0
6683,0
6685,0
6689,0
6691,0
6692,0
6699,0
6709,0
6719,0
6731,0
6738,0
6739,0
6740,0
6746,0
6751,0
6755,0
6756,0
6757,0
6768,0
6779,0
6780,0
6782,0
6783,0
6787,0
6788,0
6795,0
6799,0
6804,0
6811,0
6813,0
6814,0
6816,0
6824,0
6825,0
6826,0
6827,0
6835,0
6845,0
6851,0
6852,0
6858,0
6862,0
6866,0
6867,0
6868,0
6880,0
6883,0
6899,0
6901,0
6902,0
6907,0
6914,0
6916,0
6917,0
6932,0
6936,0
6947,0
6949,0
6950,0
6954,0
6971,0
6973,0
6974,0
6982,0
6983,0
6998,0
7006,0
7008,0
7030,0
7036,0
7037,0
7038,0
7043,0
7051,0
7053,0
7059,0
7060,0
7062,0
7067,0
7070,0
7076,0
7078,0
7079,0
7084,0
7090,0
7091,0
7093,0
7100,0
7104,0
7108,0
7111,0
7112,0
7115,0
7117,0
7127,0
7133,0
7136,0
7138,0
7145,0
7146,0
7151,0
7163,0
7171,0
7173,0
7187,0
7193,0
7195,0
7201,0
7208,0
7211,0
7213,0
7221,0
7223,0
7233,0
7235,0
7236,0
7244,0
7245,0
7248,0
7249,0
7252,0
7261,0
7271,0
7272,0
7275,0
7292,0
7295,0
7300,0
7302,0
7304,0
7312,0
7314,0
7325,0
7329,0
7330,0
7334,0
7336,0
7340,0
7341,0
7351,0
7356,0
7360,0
7364,0
7372,0
7373,0
7383,0
7385,0
7394,0
7398,0
7401,0
7408,0
7409,0
7410,0
7417,0
7418,0
7419,0
7429,0
7444,0
7450,0
7454,0
7459,0
7462,0
7466,0
7469,0
7478,0
7493,0
7502,0
7504,0
7511,0
7512,0
7515,0
7520,0
7523,0
7524,0
7527,0
7544,0
7554,0
7555,0
7559,0
7560,0
7564,0
7569,0
7571,0
7579,0
7583,0
7584,0
7586,0
7598,0
7605,0
7612,0
7614,0
7615,0
7616,0
7618,0
7620,0
7623,0
7627,0
7630,0
7631,0
7632,0
7636,0
7643,0
7644,0
7647,0
7650,0
7651,0
7653,0
7657,0
7658,0
7667,0
7676,0
7677,0
7683,0
7689,0
7703,0
7705,0
7710,0
7712,0
7722,0
7729,0
7731,0
7733,0
7735,0
7741,0
7746,0
7750,0
7751,0
7757,0
7759,0
7772,0
7773,0
7785,0
7789,0
7801,0
7806,0
7809,0
7818,0
7819,0
7823,0
7825,0
7828,0
7829,0
7831,0
7834,0
7835,0
7840,0
7842,0
7846,0
7850,0
7851,0
7856,0
7865,0
7871,0
7886,0
7891,0
7893,0
7895,0
7898,0
7902,0
7907,0
7909,0
7915,0
7916,0
7917,0
7929,0
7931,0
7937,0
7938,0
7940,0
7941,0
7945,0
7946,0
7955,0
7956,0
7960,0
7961,0
7962,0
7967,0
7968,0
7978,0
7979,0
7987,0
7991,0
8000,0
8004,0
8006,0
8007,0
8011,0
8014,0
8029,0
8036,0
8037,0
8042,0
8043,0
8047,0
8053,0
8057,0
8065,0
8068,0
8075,0
8078,0
8093,0
8094,0
8097,0
8103,0
8107,0
8110,0
8115,0
8119,0
8120,0
8122,0
8132,0
8134,0
8136,0
8148,0
8163,0
8165,0
8177,0
8182,0
8185,0
8192,0
8199,0
8200,0
8208,0
8213,0
8216,0
8222,0
8223,0
8234,0
8243,0
8251,0
8254,0
8256,0
8259,0
8267,0
8271,0
8272,0
8273,0
8274,0
8279,0
8283,0
8284,0
8285,0
8302,0
8304,0
8306,0
8309,0
8315,0
8317,0
8327,0
8345,0
8352,0
8360,0
8362,0
8363,0
8365,0
8367,0
8369,0
8370,0
8371,0
8373,0
8374,0
8378,0
8384,0
8387,0
8390,0
8394,0
8395,0
8396,0
8400,0
8401,0
8402,0
8405,0
8407,0
8411,0
8413,0
8419,0
8420,0
8425,0
8428,0
8431,0
8442,0
8448,0
8449,0
8455,0
8458,0
8467,0
8468,0
8478,0
8479,0
8483,0
8485,0
8490,0
8496,0
8498,0
8500,0
8504,0
8505,0
8510,0
8520,0
8522,0
8533,0
8540,0
8547,0
8560,0
8569,0
8580,0
8583,0
8591,0
8594,0
8598,0
8603,0
8611,0
8617,0
8622,0
8624,0
8635,0
8636,0
8637,0
8642,0
8643,0
8644,0
8648,0
8662,0
8670,0
8672,0
8675,0
8676,0
8677,0
8689,0
8690,0
8691,0
8698,0
8702,0
8703,0
8705,0
8712,0
8716,0
8717,0
8718,0
8719,0
8721,0
8724,0
8731,0
8736,0
8746,0
8749,0
8756,0
8757,0
8761,0
8762,0
8763,0
8772,0
8773,0
8774,0
8780,0
8781,0
8783,0
8784,0
8786,0
8792,0
8793,0
8799,0
8800,0
8809,0
8814,0
8816,0
8824,0
8826,0
8829,0
8832,0
8834,0
8835,0
8837,0
8844,0
8846,0
8851,0
8859,0
8861,0
8862,0
8865,0
8868,0
8871,0
8873,0
8884,0
8892,0
8898,0
8902,0
8906,0
8908,0
8909,0
8913,0
8915,0
8916,0
8917,0
8922,0
8925,0
8930,0
8934,0
8938,0
8940,0
8949,0
8951,0
8953,0
8958,0
8962,0
8973,0
8976,0
8982,0
8986,0
8987,0
8989,0
8991,0
8993,0
9001,0
9009,0
9015,0
9016,0
9020,0
9023,0
9024,0
9027,0
9028,0
9033,0
9038,0
9042,0
9048,0
9055,0
9062,0
9068,0
9069,0
9070,0
9072,0
9073,0
9075,0
9076,0
9077,0
9079,0
9080,0
9082,0
9089,0
9100,0
9101,0
9108,0
9113,0
9117,0
9126,0
9132,0
9135,0
9137,0
9141,0
9148,0
9153,0
9159,0
9170,0
9172,0
9173,0
9176,0
9192,0
9194,0
9200,0
9210,0
9225,0
9231,0
9233,0
9237,0
9239,0
9242,0
9247,0
9248,0
9253,0
9277,0
9281,0
9283,0
9293,0
9297,0
9298,0
9304,0
9306,0
9309,0
9337,0
9341,0
9343,0
9346,0
9347,0
9351,0
9352,0
9359,0
9365,0
9367,0
9368,0
9371,0
9374,0
9377,0
9383,0
9385,0
9398,0
9401,0
9405,0
9411,0
9412,0
9419,0
9424,0
9430,0
9431,0
9437,0
9439,0
9441,0
9442,0
9453,0
9457,0
9460,0
9465,0
9483,0
9484,0
9489,0
9491,0
9504,0
9506,0
9508,0
9513,0
9517,0
9520,0
9522,0
9533,0
9542,0
9543,0
9548,0
9550,0
9560,0
9563,0
9581,0
9582,0
9585,0
9589,0
9590,0
9593,0
9604,0
9611,0
9613,0
9619,0
9633,0
9638,0
9646,0
9654,0
9656,0
9663,0
9671,0
9674,0
9675,0
9676,0
9677,0
9679,0
9694,0
9698,0
9704,0
9707,0
9710,0
9711,0
9713,0
9718,0
9723,0
9737,0
9738,0
9739,0
9741,0
9755,0
9758,0
9766,0
9774,0
9779,0
9781,0
9787,0
9790,0
9800,0
9801,0
9808,0
9811,0
9813,0
9814,0
9821,0
9825,0
9828,0
9833,0
9838,0
9839,0
9840,0
9849,0
9850,0
9857,0
9860,0
9861,0
9864,0
9865,0
9866,0
9868,0
9872,0
9880,0
9882,0
9888,0
9891,0
9900,0
9901,0
9904,0
9905,0
9907,0
9911,0
9917,0
9918,0
9919,0
9921,0
9928,0
9935,0
9938,0
9946,0
9947,0
9959,0
9963,0
9970,0
9972,0
9975,0
9992,0
9993,0
9995,0
10005,0
10017,0
10019,0
10023,0
10024,0
10030,0
10031,0
10033,0
10034,0
10039,0
10043,0
10051,0
10072,0
10080,0
10084,0
10087,0
10101,0
10102,0
10105,0
10109,0
10110,0
10113,0
10116,0
10125,0
10134,0
10141,0
10142,0
10147,0
10149,0
10152,0
10156,0
10162,0
10164,0
10165,0
10178,0
10179,0
10181,0
10185,0
10186,0
10187,0
10195,0
10205,0
10208,0
10214,0
10216,0
10222,0
10226,0
10229,0
10240,0
10242,0
10245,0
10249,0
10262,0
10266,0
10267,0
10269,0
10275,0
10282,0
10287,0
10288,0
10303,0
10308,0
10322,0
10323,0
10326,0
10329,0
10344,0
10348,0
10349,0
10350,0
10353,0
10356,0
10362,0
10375,0
10388,0
10389,0
10390,0
10391,0
10392,0
10397,0
10411,0
10418,0
10423,0
10434,0
10437,0
10449,0
10453,0
10457,0
10460,0
10462,0
10463,0
10468,0
10469,0
10478,0
10483,0
10486,0
10487,0
10489,0
10494,0
10498,0
10505,0
10515,0
10516,0
10518,0
10521,0
10523,0
10527,0
10533,0
10539,0
10541,0
10544,0
10545,0
10551,0
10555,0
10557,0
10558,0
10573,0
10584,0
10591,0
10595,0
10608,0
10613,0
10616,0
10617,0
10621,0
10623,0
10629,0
10632,0
10641,0
10644,0
10645,0
10658,0
10659,0
10663,0
10665,0
10683,0
10693,0
10695,0
10697,0
10706,0
10707,0
10714,0
10715,0
10725,0
10727,0
10729,0
10733,0
10745,0
10752,0
10755,0
10757,0
10759,0
10764,0
10772,0
10781,0
10783,0
10785,0
10789,0
10791,0
10792,0
10797,0
10801,0
10806,0
10808,0
10811,0
10813,0
10817,0
10821,0
10823,0
10829,0
10840,0
10843,0
10847,0
10855,0
10857,0
10861,0
10865,0
10866,0
10869,0
10875,0
10881,0
10883,0
10884,0
10888,0
10892,0
10894,0
10895,0
10901,0
10902,0
10905,0
10911,0
10915,0
10918,0
10919,0
10926,0
10927,0
10930,0
10932,0
10935,0
10937,0
10938,0
10945,0
10946,0
10947,0
10948,0
10949,0
10952,0
10954,0
10959,0
10976,0
10977,0
10980,0
10981,0
10984,0
10993,0
11005,0
11011,0
11023,0
11037,0
11038,0
11039,0
11041,0
11044,0
11049,0
11051,0
11059,0
11071,0
11073,0
11083,0
11084,0
11086,0
11091,0
11092,0
11093,0
11097,0
11110,0
11115,0
11117,0
11120,0
11121,0
11123,0
11124,0
11127,0
11137,0
11145,0
11146,0
11152,0
11154,0
11155,0
11156,0
11157,0
11158,0
11161,0
11167,0
11169,0
11170,0
11171,0
11173,0
11177,0
11183,0
11190,0
11191,0
11200,0
11205,0
11211,0
11230,0
11232,0
11233,0
11236,0
11237,0
11244,0
11259,0
11261,0
11265,0
11272,0
11278,0
11283,0
11284,0
11292,0
11294,0
11305,0
11307,0
11311,0
11314,0
11320,0
11321,0
11323,0
11337,0
11343,0
11345,0
11347,0
11356,0
11363,0
11375,0
11377,0
11382,0
11383,0
11385,0
11386,0
11391,0
11399,0
11400,0
11405,0
11407,0
11408,0
11410,0
11412,0
11416,0
11419,0
11422,0
11423,0
11425,0
11427,0
11432,0
11434,0
11436,0
11440,0
11442,0
11452,0
11453,0
11458,0
11463,0
11464,0
11471,0
11481,0
11507,0
11510,0
11511,0
11514,0
11515,0
11516,0
11517,0
11519,0
11525,0
11526,0
11533,0
11534,0
11539,0
11540,0
11545,0
11546,0
11547,0
11551,0
11554,0
11555,0
11561,0
11567,0
11575,0
11578,0
11580,0
11584,0
11590,0
11593,0
11595,0
11598,0
11599,0
11601,0
11610,0
11612,0
11617,0
11620,0
11625,0
11626,0
11628,0
11633,0
11636,0
11639,0
11651,0
11666,0
11669,0
11673,0
11675,0
11676,0
11684,0
11685,0
11689,0
11694,0
11695,0
11711,0
11716,0
11718,0
11720,0
11722,0
11731,0
11738,0
11744,0
11745,0
11751,0
11753,0
11760,0
11763,0
11764,0
11770,0
11776,0
11800,0
11801,0
11804,0
11808,0
11820,0
11824,0
11825,0
11831,0
11840,0
11841,0
11854,0
11857,0
11863,0
11864,0
11869,0
11871,0
11883,0
11884,0
11890,0
11894,0
11895,0
11899,0
11905,0
11911,0
11917,0
11920,0
11921,0
11926,0
11928,0
11929,0
11930,0
11935,0
11939,0
11942,0
11948,0
11949,0
11957,0
11961,0
11962,0
11963,0
11966,0
11970,0
11971,0
11975,0
11981,0
11985,0
11991,0
11992,0
12004,0
12005,0
12006,0
12012,0
12017,0
12018,0
12019,0
12022,0
12025,0
12031,0
12034,0
12037,0
12039,0
12050,0
12060,0
12061,0
12067,0
12081,0
12097,0
12099,0
12100,0
12102,0
12103,0
12107,0
12116,0
12125,0
12126,0
12147,0
12158,0
12165,0
12169,0
12171,0
12172,0
12181,0
12186,0
12187,0
12189,0
12191,0
12193,0
12195,0
12199,0
12202,0
12203,0
12212,0
12219,0
12221,0
12223,0
12228,0
12237,0
12238,0
12245,0
12246,0
12254,0
12257,0
12264,0
12270,0
12281,0
12283,0
12293,0
12304,0
12308,0
12317,0
12318,0
12320,0
12322,0
12323,0
12329,0
12330,0
12339,0
12340,0
12341,0
12346,0
12352,0
12353,0
12359,0
12360,0
12363,0
12365,0
12366,0
12369,0
12371,0
12379,0
12394,0
12414,0
12415,0
12417,0
12419,0
12420,0
12424,0
12425,0
12431,0
12439,0
12489,0
12490,0
12492,0
12500,0
12505,0
12506,0
12516,0
12519,0
12521,0
12523,0
12525,0
12529,0
12531,0
12541,0
12545,0
12549,0
12559,0
12560,0
12561,0
12566,0
12575,0
12578,0
12588,0
12589,0
12595,0
12599,0
12604,0
12611,0
12614,0
12615,0
12623,0
12625,0
12629,0
12631,0
12633,0
12638,0
12639,0
12642,0
12645,0
12648,0
12655,0
12656,0
12660,0
12662,0
12674,0
12676,0
12681,0
12691,0
12695,0
12697,0
12708,0
12710,0
12717,0
12720,0
12722,0
12739,0
12743,0
12746,0
12756,0
12759,0
12761,0
12762,0
12763,0
12764,0
12784,0
12786,0
12787,0
12794,0
12801,0
12807,0
12808,0
12814,0
12815,0
12826,0
12829,0
12834,0
12837,0
12839,0
12843,0
12848,0
12849,0
12860,0
12864,0
12868,0
12875,0
12880,0
12885,0
12886,0
12892,0
12904,0
12907,0
12911,0
12920,0
12922,0
12928,0
12935,0
12936,0
12937,0
12938,0
12939,0
12940,0
12946,0
12950,0
12953,0
12970,0
12979,0
12988,0
12991,0
12996,0
12997,0
13012,0
13013,0
13016,0
13033,0
13043,0
13051,0
13056,0
13060,0
13061,0
13064,0
13069,0
13075,0
13077,0
13080,0
13084,0
13086,0
13091,0
13092,0
13096,0
13103,0
13123,0
13125,0
13133,0
13136,0
13139,0
13140,0
13145,0
13146,0
13148,0
13152,0
13160,0
13173,0
13174,0
13183,0
13187,0
13192,0
13193,0
13197,0
13201,0
13216,0
13219,0
13220,0
13227,0
13230,0
13237,0
13238,0
13241,0
13244,0
13245,0
13259,0
13265,0
13271,0
13274,0
13282,0
13284,0
13287,0
13293,0
13295,0
13296,0
13299,0
13300,0
13301,0
13305,0
13308,0
13313,0
13320,0
13324,0
13333,0
13334,0
13339,0
13343,0
13346,0
13351,0
13365,0
13368,0
13373,0
13378,0
13379,0
13386,0
13387,0
13396,0
13398,0
13401,0
13402,0
13406,0
13407,0
13418,0
13425,0
13438,0
13442,0
13443,0
13444,0
13449,0
13453,0
13458,0
13469,0
13472,0
13484,0
13501,0
13502,0
13503,0
13504,0
13508,0
13509,0
13519,0
13520,0
13521,0
13522,0
13527,0
13530,0
13532,0
13536,0
13538,0
13543,0
13548,0
13549,0
13551,0
13556,0
13560,0
13561,0
13566,0
13576,0
13577,0
13583,0
13590,0
13592,0
13594,0
13596,0
13598,0
13601,0
13607,0
13608,0
13611,0
13618,0
13620,0
13622,0
13624,0
13631,0
13637,0
13655,0
13664,0
13666,0
13667,0
13684,0
13697,0
13702,0
13704,0
13715,0
13717,0
13721,0
13723,0
13725,0
13729,0
13732,0
13739,0
13740,0
13746,0
13748,0
13756,0
13761,0
13764,0
13765,0
13768,0
13772,0
13785,0
13786,0
13788,0
13804,0
13806,0
13808,0
13810,0
13820,0
13822,0
13826,0
13831,0
13832,0
13836,0
13844,0
13849,0
13852,0
13860,0
13869,0
13870,0
13872,0
13878,0
13882,0
13890,0
13891,0
13894,0
13898,0
13903,0
13908,0
13911,0
13913,0
13914,0
13915,0
13916,0
13929,0
13935,0
13941,0
13944,0
13945,0
13952,0
13953,0
13960,0
13961,0
13973,0
13974,0
13976,0
13977,0
13981,0
13992,0
13993,0
13994,0
14005,0
14012,0
14015,0
14017,0
14020,0
14022,0
14025,0
14037,0
14050,0
14064,0
14065,0
14076,0
14077,0
14078,0
14081,0
14088,0
14100,0
14101,0
14104,0
14115,0
14129,0
14130,0
14136,0
14144,0
14153,0
14156,0
14165,0
14168,0
14169,0
14170,0
14174,0
14180,0
14185,0
14186,0
14196,0
14198,0
14211,0
14223,0
14227,0
14231,0
14235,0
14256,0
14257,0
14261,0
14263,0
14264,0
14268,0
14282,0
14286,0
14300,0
14304,0
14305,0
14311,0
14313,0
14316,0
14317,0
14329,0
14330,0
14332,0
14336,0
14338,0
14339,0
14348,0
14351,0
14353,0
14355,0
14362,0
14365,0
14366,0
14367,0
14377,0
14378,0
14379,0
14380,0
14396,0
14398,0
14400,0
14401,0
14406,0
14414,0
14420,0
14428,0
14429,0
14432,0
14434,0
14440,0
14441,0
14446,0
14454,0
14455,0
14466,0
14469,0
14472,0
14473,0
14486,0
14488,0
14489,0
14490,0
14499,0
14508,0
14535,0
14539,0
14541,0
14547,0
14556,0
14559,0
14561,0
14563,0
14564,0
14565,0
14571,0
14574,0
14576,0
14581,0
14584,0
14599,0
14606,0
14607,0
14611,0
14621,0
14625,0
14626,0
14631,0
14635,0
14636,0
14639,0
14649,0
14650,0
14655,0
14658,0
14659,0
14669,0
14671,0
14681,0
14684,0
14685,0
14686,0
14689,0
14690,0
14692,0
14693,0
14694,0
14700,0
14703,0
14714,0
14734,0
14737,0
14740,0
14742,0
14744,0
14745,0
14750,0
14757,0
14758,0
14761,0
14762,0
14771,0
14778,0
14784,0
14786,0
14802,0
14805,0
14812,0
14819,0
14820,0
14826,0
14827,0
14835,0
14843,0
14848,0
14858,0
14861,0
14862,0
14863,0
14867,0
14869,0
14874,0
14881,0
14882,0
14900,0
14906,0
14908,0
14917,0
14920,0
14927,0
14930,0
14935,0
14939,0
14944,0
14945,0
14950,0
14954,0
14967,0
14968,0
14969,0
14979,0
14987,0
14996,0
14999,0
15009,0
15021,0
15022,0
15024,0
15028,0
15032,0
15036,0
15040,0
15041,0
15052,0
15053,0
15055,0
15070,0
15072,0
15073,0
15076,0
15078,0
15080,0
15081,0
15091,0
15095,0
15105,0
15112,0
15117,0
15122,0
15127,0
15133,0
15135,0
15139,0
15142,0
15147,0
15151,0
15152,0
15159,0
15164,0
15169,0
15174,0
15175,0
15180,0
15183,0
15191,0
15193,0
15195,0
15197,0
15199,0
15201,0
15207,0
15209,0
15213,0
15215,0
15221,0
15225,0
15234,0
15246,0
15249,0
15250,0
15264,0
15267,0
15275,0
15277,0
15282,0
15286,0
15290,0
15292,0
15293,0
15306,0
15310,0
15333,0
15334,0
15339,0
15353,0
15356,0
15357,0
15360,0
15371,0
15378,0
15386,0
15387,0
15389,0
15392,0
15393,0
15396,0
15401,0
15422,0
15431,0
15448,0
15457,0
15460,0
15462,0
15463,0
15476,0
15478,0
15484,0
15489,0
15490,0
15493,0
15498,0
15504,0
15511,0
15517,0
15518,0
15520,0
15529,0
15533,0
15536,0
15539,0
15540,0
15546,0
15552,0
15563,0
15564,0
15569,0
15573,0
15574,0
15584,0
15600,0
15602,0
15604,0
15608,0
15612,0
15614,0
15615,0
15616,0
15621,0
15622,0
15630,0
15631,0
15632,0
15638,0
15640,0
15645,0
15647,0
15652,0
15670,0
15673,0
15692,0
15694,0
15697,0
15702,0
15703,0
15721,0
15722,0
15737,0
15738,0
15750,0
15751,0
15754,0
15763,0
15765,0
15769,0
15773,0
15777,0
15781,0
15795,0
15796,0
15800,0
15825,0
15831,0
15836,0
15838,0
15840,0
15844,0
15860,0
15865,0
15870,0
15871,0
15878,0
15885,0
15887,0
15892,0
15893,0
15897,0
15898,0
15902,0
15905,0
15908,0
15911,0
15920,0
15926,0
15932,0
15934,0
15936,0
15937,0
15938,0
15939,0
15951,0
15970,0
15981,0
16003,0
16004,0
16012,0
16013,0
16015,0
16020,0
16033,0
16036,0
16049,0
16051,0
16052,0
16053,0
16064,0
16067,0
16074,0
16082,0
16092,0
16093,0
16095,0
16096,0
16097,0
16100,0
16102,0
16103,0
16116,0
16118,0
16121,0
16122,0
16124,0
16126,0
16128,0
16133,0
16138,0
16141,0
16153,0
16155,0
16160,0
16163,0
16183,0
16191,0
16199,0
16209,0
16222,0
16226,0
16230,0
16241,0
16248,0
16259,0
16261,0
16263,0
16270,0
16274,0
16287,0
16296,0
16300,0
16306,0
16309,0
16311,0
16324,0
16328,0
16329,0
16332,0
16336,0
16343,0
16346,0
16361,0
16365,0
16383,0
16390,0
16394,0
16411,0
16415,0
16426,0
16428,0
16430,0
16432,0
16438,0
16448,0
16459,0
16463,0
16467,0
16478,0
16489,0
16498,0
16510,0
16527,0
16529,0
16540,0
16542,0
16546,0
16551,0
16559,0
16561,0
16562,0
16567,0
16568,0
16574,0
16579,0
16581,0
16583,0
16590,0
16594,0
16596,0
16603,0
16613,0
16620,0
16621,0
16634,0
16637,0
16639,0
16640,0
16641,0
16651,0
16659,0
16660,0
16684,0
16693,0
16702,0
16705,0
16707,0
16721,0
16722,0
16728,0
16733,0
16746,0
16762,0
16773,0
16778,0
16784,0
16801,0
16814,0
16818,0
16838,0
16854,0
16861,0
16872,0
16873,0
16874,0
16888,0
16889,0
16913,0
16918,0
16924,0
16929,0
16932,0
16937,0
16943,0
